section,analysis,model,calibration_domain,target_domain,experiment,role,medium,metric,value,unit,parameter,lower_bound,upper_bound,active_bound,interpretation,source_file
model_selection,pilot_2025,instant,pilot_2025,pilot_2025,25170_and_25171,calibration,MN,data_wsse,240.78837738068813,WSSE,,,,,Instantaneous algebraic rate proxy,pilot_2025/results/co2_solubility_integrated_doe/co2_model_selection_summary.csv
model_selection,pilot_2025,instant,pilot_2025,pilot_2025,25170_and_25171,calibration,MN,bic,246.495487645437,BIC,,,,,Instantaneous proxy,pilot_2025/results/co2_solubility_integrated_doe/co2_model_selection_summary.csv
model_selection,pilot_2025,instant,pilot_2025,pilot_2025,25170_and_25171,calibration,MN,mean_relative_rmse,0.7476039385730463,fraction,,,,,Instantaneous proxy,pilot_2025/results/co2_solubility_integrated_doe/co2_model_selection_summary.csv
model_selection,pilot_2025,instant,pilot_2025,pilot_2025,25170_and_25171,calibration,MN,min_correlation,0.3278241280443469,correlation,,,,,Instantaneous proxy,pilot_2025/results/co2_solubility_integrated_doe/co2_model_selection_summary.csv
model_selection,pilot_2025,solubility_o2_slow_transition,pilot_2025,pilot_2025,25170_and_25171,calibration,MN,data_wsse,124.65342654331737,WSSE,,,,,Selected dissolved CO2 and O2 transition model,pilot_2025/results/co2_solubility_integrated_doe/co2_model_selection_summary.csv
model_selection,pilot_2025,solubility_o2_slow_transition,pilot_2025,pilot_2025,25170_and_25171,calibration,MN,bic,136.0676470728151,BIC,,,,,Selected dissolved CO2 and O2 transition model,pilot_2025/results/co2_solubility_integrated_doe/co2_model_selection_summary.csv
model_selection,pilot_2025,solubility_o2_slow_transition,pilot_2025,pilot_2025,25170_and_25171,calibration,MN,mean_relative_rmse,0.6070084411006547,fraction,,,,,Selected dissolved CO2 and O2 transition model,pilot_2025/results/co2_solubility_integrated_doe/co2_model_selection_summary.csv
model_selection,pilot_2025,solubility_o2_slow_transition,pilot_2025,pilot_2025,25170_and_25171,calibration,MN,min_correlation,0.8429168806497217,correlation,,,,,Selected dissolved CO2 and O2 transition model,pilot_2025/results/co2_solubility_integrated_doe/co2_model_selection_summary.csv
fit_quality,pilot_2025,instant,pilot_2025,pilot_2025,25170,calibration,MN,rmse,0.383539728987841,L_min,,,,,Instantaneous proxy,pilot_2025/results/co2_solubility_integrated_doe/initial_fit_metrics.csv
fit_quality,pilot_2025,instant,pilot_2025,pilot_2025,25170,calibration,MN,correlation,0.3278241280443469,correlation,,,,,Instantaneous proxy,pilot_2025/results/co2_solubility_integrated_doe/initial_fit_metrics.csv
fit_quality,pilot_2025,solubility_o2_slow_transition,pilot_2025,pilot_2025,25170,calibration,MN,rmse,0.2403473165470326,L_min,,,,,Selected dynamic model,pilot_2025/results/co2_solubility_integrated_doe/co2_metrics_selected.csv
fit_quality,pilot_2025,solubility_o2_slow_transition,pilot_2025,pilot_2025,25170,calibration,MN,correlation,0.8429168806497217,correlation,,,,,Selected dynamic model,pilot_2025/results/co2_solubility_integrated_doe/co2_metrics_selected.csv
fit_quality,pilot_2025,instant,pilot_2025,pilot_2025,25171,calibration,MN,rmse,0.11281356221380724,L_min,,,,,Instantaneous proxy,pilot_2025/results/co2_solubility_integrated_doe/initial_fit_metrics.csv
fit_quality,pilot_2025,instant,pilot_2025,pilot_2025,25171,calibration,MN,correlation,0.9772520423155199,correlation,,,,,Instantaneous proxy,pilot_2025/results/co2_solubility_integrated_doe/initial_fit_metrics.csv
fit_quality,pilot_2025,solubility_o2_slow_transition,pilot_2025,pilot_2025,25171,calibration,MN,rmse,0.19465181384440391,L_min,,,,,Selected dynamic model,pilot_2025/results/co2_solubility_integrated_doe/co2_metrics_selected.csv
fit_quality,pilot_2025,solubility_o2_slow_transition,pilot_2025,pilot_2025,25171,calibration,MN,correlation,0.9311668914028195,correlation,,,,,Selected dynamic model,pilot_2025/results/co2_solubility_integrated_doe/co2_metrics_selected.csv
parameter,pilot_2025,solubility_o2_slow_transition,pilot_2025,pilot_2025,25170_and_25171,calibration,MN,estimate,0.2669276959271604,h^-1,kCO2_release_h,,,False,Focused two-parameter gas block,pilot_2025/results/co2_solubility_integrated_doe/co2_o2_parameter_estimability_current.csv
parameter,pilot_2025,solubility_o2_slow_transition,pilot_2025,pilot_2025,25170_and_25171,calibration,MN,estimate,0.4066343341502766,scale,CO2sat_scale,,,False,Focused two-parameter gas block,pilot_2025/results/co2_solubility_integrated_doe/co2_o2_parameter_estimability_current.csv
identifiability,pilot_2025,solubility_o2_slow_transition,pilot_2025,pilot_2025,25170_and_25171,calibration,MN,fim_condition_number,3.2605999726016517,ratio,,,,,FIM only for kCO2_release_h and CO2sat_scale,pilot_2025/results/co2_solubility_integrated_doe/co2_o2_fim_metrics_current.json
identifiability,pilot_2025,solubility_o2_slow_transition,pilot_2025,pilot_2025,25170_and_25171,calibration,MN,approx_95_multiplier,1.7769003203938465,multiplier,kCO2_release_h,,,False,Classified well_estimated,pilot_2025/results/co2_solubility_integrated_doe/co2_o2_parameter_estimability_current.csv
identifiability,pilot_2025,solubility_o2_slow_transition,pilot_2025,pilot_2025,25170_and_25171,calibration,MN,approx_95_multiplier,2.4073473144809165,multiplier,CO2sat_scale,,,False,Classified moderate,pilot_2025/results/co2_solubility_integrated_doe/co2_o2_parameter_estimability_current.csv
parameter,laboratory_2026,solubility_o2_nitrogen_boost_continuous_release,MS,MS,DOE_F01_F03_F04_F05,calibration,MS,estimate,15.985680886792041,h^-1,kCO2_release_h,0.03,25.0,False,Matrix-specific fit,laboratory_2026/results/co2_matrix_cross_validation_2026/fit_parameters.csv
parameter,laboratory_2026,solubility_o2_nitrogen_boost_continuous_release,MS,MS,DOE_F01_F03_F04_F05,calibration,MS,estimate,0.3509868441365959,scale,CO2sat_scale,0.35,2.5,True,Near lower bound,laboratory_2026/results/co2_matrix_cross_validation_2026/fit_parameters.csv
parameter,laboratory_2026,solubility_o2_nitrogen_boost_continuous_release,MS,MS,DOE_F01_F03_F04_F05,calibration,MS,estimate,0.15000000000000002,mg_gdw^-1_h^-1,O2_qmax_mg_gdw_h,0.15,6.0,True,At lower bound,laboratory_2026/results/co2_matrix_cross_validation_2026/fit_parameters.csv
parameter,laboratory_2026,solubility_o2_nitrogen_boost_continuous_release,MS,MS,DOE_F01_F03_F04_F05,calibration,MS,estimate,0.39044127108234467,scale,O2_initial_scale,0.05,1.5,False,Matrix-specific fit,laboratory_2026/results/co2_matrix_cross_validation_2026/fit_parameters.csv
parameter,laboratory_2026,solubility_o2_nitrogen_boost_continuous_release,MS,MS,DOE_F01_F03_F04_F05,calibration,MS,estimate,36.99535850891431,h,pulse_t_rise_h,1.0,72.0,False,Finite N availability ramp,laboratory_2026/results/co2_matrix_cross_validation_2026/fit_parameters.csv
parameter,laboratory_2026,solubility_o2_nitrogen_boost_continuous_release,MS,MS,DOE_F01_F03_F04_F05,calibration,MS,estimate,1.2435771382549743,multiplier,pulse_activity_gain,0.25,4.0,False,N activity multiplier,laboratory_2026/results/co2_matrix_cross_validation_2026/fit_parameters.csv
parameter,laboratory_2026,solubility_o2_nitrogen_boost_continuous_release,MS,MS,DOE_F01_F03_F04_F05,calibration,MS,estimate,0.01000000000002664,fraction,chem_activation_start_fraction,0.01,0.95,True,At lower bound,laboratory_2026/results/co2_matrix_cross_validation_2026/fit_parameters.csv
parameter,laboratory_2026,solubility_o2_nitrogen_boost_continuous_release,MS,MS,DOE_F01_F03_F04_F05,calibration,MS,estimate,0.3500000000048023,fraction,chem_activation_duration_fraction,0.35,2.0,True,At lower bound,laboratory_2026/results/co2_matrix_cross_validation_2026/fit_parameters.csv
parameter,laboratory_2026,solubility_o2_nitrogen_boost_continuous_release,MS,MS,DOE_F01_F03_F04_F05,calibration,MS,estimate,2.13427176545636,gain,matrix_gain,0.1,20.0,False,Profiled observation gain,laboratory_2026/results/co2_matrix_cross_validation_2026/fit_parameters.csv
parameter,laboratory_2026,solubility_o2_nitrogen_boost_continuous_release,MN,MN,LAB004_005_006_007_008_010_011,calibration,MN,estimate,0.42458787631784484,h^-1,kCO2_release_h,0.03,25.0,False,Matrix-specific fit,laboratory_2026/results/co2_matrix_cross_validation_2026/fit_parameters.csv
parameter,laboratory_2026,solubility_o2_nitrogen_boost_continuous_release,MN,MN,LAB004_005_006_007_008_010_011,calibration,MN,estimate,0.3513888484136192,scale,CO2sat_scale,0.35,2.5,True,Near lower bound,laboratory_2026/results/co2_matrix_cross_validation_2026/fit_parameters.csv
parameter,laboratory_2026,solubility_o2_nitrogen_boost_continuous_release,MN,MN,LAB004_005_006_007_008_010_011,calibration,MN,estimate,0.15000000000000002,mg_gdw^-1_h^-1,O2_qmax_mg_gdw_h,0.15,6.0,True,At lower bound,laboratory_2026/results/co2_matrix_cross_validation_2026/fit_parameters.csv
parameter,laboratory_2026,solubility_o2_nitrogen_boost_continuous_release,MN,MN,LAB004_005_006_007_008_010_011,calibration,MN,estimate,0.1953996662849978,scale,O2_initial_scale,0.05,1.5,False,Matrix-specific fit,laboratory_2026/results/co2_matrix_cross_validation_2026/fit_parameters.csv
parameter,laboratory_2026,solubility_o2_nitrogen_boost_continuous_release,MN,MN,LAB004_005_006_007_008_010_011,calibration,MN,estimate,64.6587136090663,h,pulse_t_rise_h,1.0,72.0,False,Near upper bound,laboratory_2026/results/co2_matrix_cross_validation_2026/fit_parameters.csv
parameter,laboratory_2026,solubility_o2_nitrogen_boost_continuous_release,MN,MN,LAB004_005_006_007_008_010_011,calibration,MN,estimate,0.25000000000000006,multiplier,pulse_activity_gain,0.25,4.0,True,At lower bound,laboratory_2026/results/co2_matrix_cross_validation_2026/fit_parameters.csv
parameter,laboratory_2026,solubility_o2_nitrogen_boost_continuous_release,MN,MN,LAB004_005_006_007_008_010_011,calibration,MN,estimate,0.7350567041568452,fraction,chem_activation_start_fraction,0.01,0.95,False,Matrix-specific fit,laboratory_2026/results/co2_matrix_cross_validation_2026/fit_parameters.csv
parameter,laboratory_2026,solubility_o2_nitrogen_boost_continuous_release,MN,MN,LAB004_005_006_007_008_010_011,calibration,MN,estimate,1.0639098312701771,fraction,chem_activation_duration_fraction,0.35,2.0,False,Unstable under leave-one-batch-out,laboratory_2026/results/co2_matrix_cross_validation_2026/fit_parameters.csv
parameter,laboratory_2026,solubility_o2_nitrogen_boost_continuous_release,MN,MN,LAB004_005_006_007_008_010_011,calibration,MN,estimate,3.1157568735736376,gain,matrix_gain,0.1,20.0,False,Profiled observation gain,laboratory_2026/results/co2_matrix_cross_validation_2026/fit_parameters.csv
holdout,laboratory_2026,solubility_o2_nitrogen_boost_continuous_release,MS,MS,DOE-F06,internal_holdout,MS,rmse,0.24456256228191703,g_L^-1_h^-1,,,,,MS to MS,laboratory_2026/results/co2_matrix_cross_validation_2026/validation_summary.csv
holdout,laboratory_2026,solubility_o2_nitrogen_boost_continuous_release,MS,MS,DOE-F06,internal_holdout,MS,r2,0.6140924120922473,r2,,,,,MS to MS,laboratory_2026/results/co2_matrix_cross_validation_2026/validation_summary.csv
holdout,laboratory_2026,solubility_o2_nitrogen_boost_continuous_release,MS,MS,DOE-F06,internal_holdout,MS,correlation,0.8736651865284786,correlation,,,,,MS to MS,laboratory_2026/results/co2_matrix_cross_validation_2026/validation_summary.csv
holdout,laboratory_2026,solubility_o2_nitrogen_boost_continuous_release,MS,MS,DOE-F06,internal_holdout,MS,onset_delay,8.72749196560557,h,,,,,Predicted minus observed onset,laboratory_2026/results/co2_matrix_cross_validation_2026/validation_summary.csv
holdout,laboratory_2026,solubility_o2_nitrogen_boost_continuous_release,MS,MS,DOE-F06,internal_holdout,MS,postpulse_peak_delay,0.0,h,,,,,Predicted minus observed post-pulse peak,laboratory_2026/results/co2_matrix_cross_validation_2026/validation_summary.csv
holdout,laboratory_2026,solubility_o2_nitrogen_boost_continuous_release,MN,MN,LAB012,internal_holdout,MN,rmse,0.318335303900658,g_L^-1_h^-1,,,,,MN to MN,laboratory_2026/results/co2_matrix_cross_validation_2026/validation_summary.csv
holdout,laboratory_2026,solubility_o2_nitrogen_boost_continuous_release,MN,MN,LAB012,internal_holdout,MN,r2,0.17101618496879778,r2,,,,,MN to MN,laboratory_2026/results/co2_matrix_cross_validation_2026/validation_summary.csv
holdout,laboratory_2026,solubility_o2_nitrogen_boost_continuous_release,MN,MN,LAB012,internal_holdout,MN,correlation,0.7769921022793318,correlation,,,,,MN to MN,laboratory_2026/results/co2_matrix_cross_validation_2026/validation_summary.csv
holdout,laboratory_2026,solubility_o2_nitrogen_boost_continuous_release,MN,MN,LAB012,internal_holdout,MN,onset_delay,-10.560069915890367,h,,,,,Predicted minus observed onset,laboratory_2026/results/co2_matrix_cross_validation_2026/validation_summary.csv
holdout,laboratory_2026,solubility_o2_nitrogen_boost_continuous_release,MN,MN,LAB012,internal_holdout,MN,postpulse_peak_delay,-7.0,h,,,,,Predicted minus observed post-pulse peak,laboratory_2026/results/co2_matrix_cross_validation_2026/validation_summary.csv
holdout,laboratory_2026,solubility_o2_nitrogen_boost_continuous_release,MS,MN,LAB012,cross_holdout,MN,rmse,0.3820777155929553,g_L^-1_h^-1,,,,,MS to MN,laboratory_2026/results/co2_matrix_cross_validation_2026/validation_summary.csv
holdout,laboratory_2026,solubility_o2_nitrogen_boost_continuous_release,MS,MN,LAB012,cross_holdout,MN,r2,-0.19420767512784987,r2,,,,,MS to MN,laboratory_2026/results/co2_matrix_cross_validation_2026/validation_summary.csv
holdout,laboratory_2026,solubility_o2_nitrogen_boost_continuous_release,MS,MN,LAB012,cross_holdout,MN,correlation,0.39107505523757197,correlation,,,,,MS to MN,laboratory_2026/results/co2_matrix_cross_validation_2026/validation_summary.csv
holdout,laboratory_2026,solubility_o2_nitrogen_boost_continuous_release,MS,MN,LAB012,cross_holdout,MN,onset_delay,-50.74023347194148,h,,,,,Predicted minus observed onset,laboratory_2026/results/co2_matrix_cross_validation_2026/validation_summary.csv
holdout,laboratory_2026,solubility_o2_nitrogen_boost_continuous_release,MS,MN,LAB012,cross_holdout,MN,postpulse_peak_delay,2.0,h,,,,,Predicted minus observed post-pulse peak,laboratory_2026/results/co2_matrix_cross_validation_2026/validation_summary.csv
holdout,laboratory_2026,solubility_o2_nitrogen_boost_continuous_release,MN,MS,DOE-F06,cross_holdout,MS,rmse,0.3259770823954766,g_L^-1_h^-1,,,,,MN to MS,laboratory_2026/results/co2_matrix_cross_validation_2026/validation_summary.csv
holdout,laboratory_2026,solubility_o2_nitrogen_boost_continuous_release,MN,MS,DOE-F06,cross_holdout,MS,r2,0.3143894323072993,r2,,,,,MN to MS,laboratory_2026/results/co2_matrix_cross_validation_2026/validation_summary.csv
holdout,laboratory_2026,solubility_o2_nitrogen_boost_continuous_release,MN,MS,DOE-F06,cross_holdout,MS,correlation,0.9633415725379477,correlation,,,,,MN to MS,laboratory_2026/results/co2_matrix_cross_validation_2026/validation_summary.csv
holdout,laboratory_2026,solubility_o2_nitrogen_boost_continuous_release,MN,MS,DOE-F06,cross_holdout,MS,onset_delay,2.87045460873124,h,,,,,Predicted minus observed onset,laboratory_2026/results/co2_matrix_cross_validation_2026/validation_summary.csv
holdout,laboratory_2026,solubility_o2_nitrogen_boost_continuous_release,MN,MS,DOE-F06,cross_holdout,MS,postpulse_peak_delay,2.0,h,,,,,Predicted minus observed post-pulse peak,laboratory_2026/results/co2_matrix_cross_validation_2026/validation_summary.csv
model_comparison,laboratory_2026,continuous_minus_threshold,MS,MS,DOE-F06,internal_holdout,MS,rmse_change,0.007837472925815547,g_L^-1_h^-1,,,,,Positive means continuous release has larger RMSE,laboratory_2026/results/co2_matrix_cross_validation_2026/model_comparison_validation.csv
model_comparison,laboratory_2026,continuous_minus_threshold,MS,MS,DOE-F06,internal_holdout,MS,absolute_onset_error_change,0.6698694671919512,h,,,,,Positive means continuous release has larger absolute onset error,laboratory_2026/results/co2_matrix_cross_validation_2026/model_comparison_validation.csv
model_comparison,laboratory_2026,continuous_minus_threshold,MN,MN,LAB012,internal_holdout,MN,rmse_change,-0.04297162466393589,g_L^-1_h^-1,,,,,Negative favors continuous release,laboratory_2026/results/co2_matrix_cross_validation_2026/model_comparison_validation.csv
model_comparison,laboratory_2026,continuous_minus_threshold,MN,MN,LAB012,internal_holdout,MN,absolute_onset_error_change,-21.52507300539603,h,,,,,Negative favors continuous release,laboratory_2026/results/co2_matrix_cross_validation_2026/model_comparison_validation.csv
model_comparison,laboratory_2026,continuous_minus_threshold,MS,MN,LAB012,cross_holdout,MN,rmse_change,-0.0007956361074379914,g_L^-1_h^-1,,,,,Negative favors continuous release,laboratory_2026/results/co2_matrix_cross_validation_2026/model_comparison_validation.csv
model_comparison,laboratory_2026,continuous_minus_threshold,MS,MN,LAB012,cross_holdout,MN,absolute_onset_error_change,8.52973888728468,h,,,,,Positive means continuous release has larger absolute onset error,laboratory_2026/results/co2_matrix_cross_validation_2026/model_comparison_validation.csv
model_comparison,laboratory_2026,continuous_minus_threshold,MN,MS,DOE-F06,cross_holdout,MS,rmse_change,-0.019303550075839337,g_L^-1_h^-1,,,,,Negative favors continuous release,laboratory_2026/results/co2_matrix_cross_validation_2026/model_comparison_validation.csv
model_comparison,laboratory_2026,continuous_minus_threshold,MN,MS,DOE-F06,cross_holdout,MS,absolute_onset_error_change,-1.4733214413904143,h,,,,,Negative favors continuous release,laboratory_2026/results/co2_matrix_cross_validation_2026/model_comparison_validation.csv
identifiability,laboratory_2026,solubility_o2_nitrogen_boost_continuous_release,MS,MS,DOE_F01_F03_F04_F05,calibration,MS,jacobian_effective_rank,8,of_8,,,,,Full numerical rank does not imply good conditioning,laboratory_2026/results/co2_matrix_cross_validation_2026/activation_jacobian_identifiability.csv
identifiability,laboratory_2026,solubility_o2_nitrogen_boost_continuous_release,MS,MS,DOE_F01_F03_F04_F05,calibration,MS,jacobian_condition_number,235775285149.95587,ratio,,,,,Ill-conditioned,laboratory_2026/results/co2_matrix_cross_validation_2026/activation_jacobian_identifiability.csv
identifiability,laboratory_2026,solubility_o2_nitrogen_boost_continuous_release,MS,MS,DOE_F01_F03_F04_F05,calibration,MS,smallest_singular_value,3.3636822638742556e-11,singular_value,,,,,Practically weak direction,laboratory_2026/results/co2_matrix_cross_validation_2026/activation_jacobian_identifiability.csv
identifiability,laboratory_2026,solubility_o2_nitrogen_boost_continuous_release,MN,MN,LAB004_005_006_007_008_010_011,calibration,MN,jacobian_effective_rank,8,of_8,,,,,Full numerical rank,laboratory_2026/results/co2_matrix_cross_validation_2026/activation_jacobian_identifiability.csv
identifiability,laboratory_2026,solubility_o2_nitrogen_boost_continuous_release,MN,MN,LAB004_005_006_007_008_010_011,calibration,MN,jacobian_condition_number,129.85981714207614,ratio,,,,,Moderate or better locally,laboratory_2026/results/co2_matrix_cross_validation_2026/activation_jacobian_identifiability.csv
identifiability,laboratory_2026,solubility_o2_nitrogen_boost_continuous_release,MN,MN,LAB004_005_006_007_008_010_011,calibration,MN,smallest_singular_value,0.07868372123982945,singular_value,,,,,Local diagnostic,laboratory_2026/results/co2_matrix_cross_validation_2026/activation_jacobian_identifiability.csv
stability,laboratory_2026,solubility_o2_nitrogen_boost_continuous_release,MS,MS,leave_one_batch_out,calibration,MS,loo_relative_range_to_full,5.916520745536727e-10,fraction,chem_activation_start_fraction,,,True,All four omissions at lower bound,laboratory_2026/results/co2_matrix_cross_validation_2026/activation_leave_one_batch_out_summary.csv
stability,laboratory_2026,solubility_o2_nitrogen_boost_continuous_release,MS,MS,leave_one_batch_out,calibration,MS,loo_relative_range_to_full,5.914197702919369e-10,fraction,chem_activation_duration_fraction,,,True,All four omissions at lower bound,laboratory_2026/results/co2_matrix_cross_validation_2026/activation_leave_one_batch_out_summary.csv
stability,laboratory_2026,solubility_o2_nitrogen_boost_continuous_release,MN,MN,leave_one_batch_out,calibration,MN,loo_relative_range_to_full,0.12446311747325109,fraction,chem_activation_start_fraction,,,False,Moderate leave-one-batch sensitivity,laboratory_2026/results/co2_matrix_cross_validation_2026/activation_leave_one_batch_out_summary.csv
stability,laboratory_2026,solubility_o2_nitrogen_boost_continuous_release,MN,MN,leave_one_batch_out,calibration,MN,loo_relative_range_to_full,0.6894517528088984,fraction,chem_activation_duration_fraction,,,False,Large leave-one-batch sensitivity,laboratory_2026/results/co2_matrix_cross_validation_2026/activation_leave_one_batch_out_summary.csv
pulse_timing,laboratory_2026,solubility_o2_nitrogen_boost_continuous_release,MN,MN,LAB005,calibration,MN,pulse_time,55.08661417322827,h,,,,,Density crossing interpolation at 1040 g_L,laboratory_2026/results/co2_matrix_cross_validation_2026/effective_nutrient_pulses.csv
pulse_timing,laboratory_2026,solubility_o2_nitrogen_boost_continuous_release,MN,MN,LAB005,calibration,MN,pulse_amount,0.14,kg_m^-3,,,,,Common natural-must protocol,laboratory_2026/results/co2_matrix_cross_validation_2026/effective_nutrient_pulses.csv
pulse_timing,laboratory_2026,solubility_o2_nitrogen_boost_continuous_release,MS,MS,DOE-F06,holdout,MS,pulse_time,26.0,h,,,,,Recorded process schedule,laboratory_2026/results/co2_matrix_cross_validation_2026/effective_nutrient_pulses.csv
pulse_timing,laboratory_2026,solubility_o2_nitrogen_boost_continuous_release,MS,MS,DOE-F06,holdout,MS,pulse_amount,0.05,kg_m^-3,,,,,Recorded process schedule,laboratory_2026/results/co2_matrix_cross_validation_2026/effective_nutrient_pulses.csv
transfer,pilot_2026,solubility_o2_nitrogen_boost_continuous_release,pilot_lot2,pilot_lot2,26158,internal_holdout,MN_pilot,rmse,0.09797275538515592,g_L^-1_h^-1,,,,,Within pilot lot 2,pilot_2026/results/co2_solubility_cross_lot_validation_2026/validation_summary.csv
transfer,pilot_2026,solubility_o2_nitrogen_boost_continuous_release,pilot_lot2,pilot_lot2,26158,internal_holdout,MN_pilot,r2,0.8530940519540197,r2,,,,,Within pilot lot 2,pilot_2026/results/co2_solubility_cross_lot_validation_2026/validation_summary.csv
transfer,pilot_2026,solubility_o2_nitrogen_boost_continuous_release,pilot_lot3,pilot_lot3,26211,internal_holdout,MN_pilot,rmse,0.13354091239470703,g_L^-1_h^-1,,,,,Within pilot lot 3,pilot_2026/results/co2_solubility_cross_lot_validation_2026/validation_summary.csv
transfer,pilot_2026,solubility_o2_nitrogen_boost_continuous_release,pilot_lot3,pilot_lot3,26211,internal_holdout,MN_pilot,r2,0.6859310138351916,r2,,,,,Within pilot lot 3,pilot_2026/results/co2_solubility_cross_lot_validation_2026/validation_summary.csv
transfer,pilot_2026,solubility_o2_nitrogen_boost_continuous_release,pilot_lot3,pilot_lot2,26158,cross_holdout,MN_pilot,r2,0.5096329456810627,r2,,,,,Lot 3 to lot 2,pilot_2026/results/co2_solubility_cross_lot_validation_2026/validation_summary.csv
transfer,pilot_2026,solubility_o2_nitrogen_boost_continuous_release,pilot_lot2,pilot_lot3,26211,cross_holdout,MN_pilot,r2,-0.21416311407437205,r2,,,,,Lot 2 to lot 3,pilot_2026/results/co2_solubility_cross_lot_validation_2026/validation_summary.csv
parameter,pilot_2026,solubility_o2_nitrogen_boost_continuous_release,pilot_lot2,pilot_lot2,lot2,calibration,MN_pilot,estimate,0.04613311667560256,h^-1,kCO2_release_h,0.03,25.0,False,Lot-specific fit,pilot_2026/results/co2_solubility_cross_lot_validation_2026/fit_parameters.csv
parameter,pilot_2026,solubility_o2_nitrogen_boost_continuous_release,pilot_lot3,pilot_lot3,lot3,calibration,MN_pilot,estimate,24.999999710461303,h^-1,kCO2_release_h,0.03,25.0,True,At upper bound,pilot_2026/results/co2_solubility_cross_lot_validation_2026/fit_parameters.csv
identifiability,pilot_2026,solubility_o2_nitrogen_boost_continuous_release,pilot_lot2,pilot_lot2,lot2,calibration,MN_pilot,jacobian_condition_number,3383.529591001045,ratio,,,,,Locally moderate or better label but strongly anisotropic,pilot_2026/results/co2_solubility_cross_lot_validation_2026/activation_jacobian_identifiability.csv
identifiability,pilot_2026,solubility_o2_nitrogen_boost_continuous_release,pilot_lot3,pilot_lot3,lot3,calibration,MN_pilot,jacobian_condition_number,391998899980.01855,ratio,,,,,Ill-conditioned,pilot_2026/results/co2_solubility_cross_lot_validation_2026/activation_jacobian_identifiability.csv
cross_scale,pilot_2026,solubility_o2_nitrogen_boost_continuous_release,pilot_pooled_fit,MS,DOE-F06,laboratory_holdout,MS,rmse,0.2704376166468116,g_L^-1_h^-1,,,,,Pilot pooled to laboratory MS,pilot_2026/results/co2_solubility_cross_lot_validation_2026/cross_scale_validation.csv
cross_scale,pilot_2026,solubility_o2_nitrogen_boost_continuous_release,pilot_pooled_fit,MS,DOE-F06,laboratory_holdout,MS,r2,0.5281134858352634,r2,,,,,Pilot pooled to laboratory MS,pilot_2026/results/co2_solubility_cross_lot_validation_2026/cross_scale_validation.csv
cross_scale,pilot_2026,solubility_o2_nitrogen_boost_continuous_release,pilot_pooled_fit,MN,LAB012,laboratory_holdout,MN,rmse,0.3900316495166875,g_L^-1_h^-1,,,,,Pilot pooled to laboratory MN,pilot_2026/results/co2_solubility_cross_lot_validation_2026/cross_scale_validation.csv
cross_scale,pilot_2026,solubility_o2_nitrogen_boost_continuous_release,pilot_pooled_fit,MN,LAB012,laboratory_holdout,MN,r2,-0.2444462417647788,r2,,,,,Pilot pooled to laboratory MN,pilot_2026/results/co2_solubility_cross_lot_validation_2026/cross_scale_validation.csv
