grupo,fecha,variable,n_group,mean_group,median_group,std_group,CV_group_percent,min_group,max_group,range_group
G1_Lote1_Vendimia,2026-03-25,G0,3,80.26333333333334,81.17,1.5790609023509339,1.9673502666442966,78.44,81.18,2.740000000000009
G1_Lote1_Vendimia,2026-03-25,F0,3,77.67999999999999,77.12,1.1204017136723712,1.4423297034917242,76.94999999999999,78.96999999999998,2.019999999999996
G1_Lote1_Vendimia,2026-03-25,GF0,3,157.94333333333333,158.13,2.2956988768854893,1.4534952684837321,155.56,160.14,4.579999999999984
G1_Lote1_Vendimia,2026-03-25,YAN0,3,237.46666666666667,238.85999999999999,4.707285134059046,1.9822930098508054,232.22,241.32,9.099999999999994
G1_Lote1_Vendimia,2026-03-25,E0,3,9.391955999999999,9.234107999999999,0.4928802220255956,5.247897477645718,8.997335999999999,9.944424,0.9470880000000008
G1_Lote1_Vendimia,2026-03-25,Gly0,3,0.9533333333333335,0.96,0.02081665999466128,2.1835657337057284,0.93,0.97,0.039999999999999925
G2_Lote2,2026-04-06,G0,3,78.12666666666667,77.71,3.3146995841755102,4.242724956278919,75.04,81.63,6.589999999999989
G2_Lote2,2026-04-06,F0,3,78.19,75.81,8.814374623307096,11.273020364889494,70.80999999999999,87.95,17.140000000000015
G2_Lote2,2026-04-06,GF0,3,156.31666666666666,157.44,9.952659611045348,6.366985570558918,145.85,165.66,19.810000000000002
G2_Lote2,2026-04-06,YAN0,3,229.05999999999997,229.12,1.730780170905599,0.7556012271481705,227.29999999999998,230.76,3.460000000000008
G2_Lote2,2026-04-06,E0,3,9.786576,9.786576,0.07892400000000066,0.8064516129032325,9.707652,9.8655,0.15784800000000132
G2_Lote2,2026-04-06,Gly0,3,1.0833333333333333,1.09,0.09018499505645786,8.324768774442264,0.99,1.17,0.17999999999999994
G3_abril_sin_lote,2026-04-17,G0,3,76.49333333333333,76.21,0.9183862658671084,1.2006095509854127,75.75,77.52,1.769999999999996
G3_abril_sin_lote,2026-04-17,F0,3,75.37333333333333,74.89,1.1443047379668339,1.5181824756326294,74.55,76.68,2.1300000000000097
G3_abril_sin_lote,2026-04-17,GF0,3,151.86666666666665,152.07,0.687919568941995,0.45297601115583525,151.1,152.43,1.3300000000000125
G3_abril_sin_lote,2026-04-17,YAN0,3,238.5533333333333,239.04,1.002862569514548,0.4203934422132919,237.4,239.22,1.8199999999999932
G3_abril_sin_lote,2026-04-17,E0,3,10.233811999999999,9.707652,1.3424815417189175,13.118098531797513,9.234107999999999,11.759676,2.5255680000000016
G3_abril_sin_lote,2026-04-17,Gly0,3,0.8300000000000001,0.85,0.0721110255092798,8.68807536256383,0.75,0.89,0.14
G4_MayoT1,2026-05-12,G0,3,76.36666666666666,75.61,1.8639831901960175,2.440833509641228,75.0,78.49,3.489999999999995
G4_MayoT1,2026-05-12,F0,3,77.86666666666666,77.05,1.753919420421966,2.2524650091035525,76.67,79.88,3.2099999999999937
G4_MayoT1,2026-05-12,GF0,3,154.23333333333332,154.88,1.7235235227096026,1.1174779702028979,152.28,155.54,3.259999999999991
G4_MayoT1,2026-05-12,YAN0,3,222.66666666666666,222.06,2.7800959216065326,1.2485460725777842,220.24,225.7,5.4599999999999795
G4_MayoT1,2026-05-12,E0,3,9.33934,9.313032,0.04556679264552241,0.4879016359348991,9.313032,9.391956,0.07892400000000066
G4_MayoT1,2026-05-12,Gly0,3,1.2566666666666666,1.25,0.011547005383792525,0.9188598448641266,1.25,1.27,0.020000000000000018
G5_mem2026_16C,2026-08-18,G0,3,75.82666666666667,75.62,0.6357148207595449,0.8383789617894473,75.32,76.54,1.220000000000013
G5_mem2026_16C,2026-08-18,F0,3,79.62,79.45,0.6908690179766317,0.8677078849241795,79.03,80.38,1.3499999999999943
G5_mem2026_16C,2026-08-18,GF0,3,155.4466666666667,154.76999999999998,1.27735403601874,0.8217313779766308,154.65,156.92000000000002,2.2700000000000102
G5_mem2026_16C,2026-08-18,YAN0,3,247.33333333333334,247.0,1.5275252316519465,0.6175978025546953,246.0,249.0,3.0
G5_mem2026_16C,2026-08-18,Gly0,3,1.1300000000000001,1.12,0.01732050807568866,1.5327883252821821,1.12,1.15,0.029999999999999805
