lab_id,fermenter,segment,raw_file,filt_file,overlap_h,sample_s,amplitude_p95_p05_sccm,level_lag_samples,level_delay_s,level_delay_min,level_correlation,derivative_lag_samples,derivative_delay_s,derivative_delay_min,derivative_correlation,t10_delay_min,t50_delay_min,t90_delay_min,peak_delay_min,rmse_before_sccm,rmse_after_compensation_sccm,correlation_after_compensation
lab001,F1,28_03_26_1700,CO2_lab001_28_03_26_1700.csv,CO2_FILT_lab001_28_03_26_1700.csv,26.15277777777778,10.0,10.018039272727272,270,2700.0,45.0,0.6902831197345876,251,2510.0,41.833333333333336,0.4103968547034442,17.833333333333314,,,24.833333333333332,2.355895782354087,1.7124527283742783,0.7967148325253813
lab002,F2,pt3,CO2_F2_lab002_pt3.csv,CO2_FILT_F2_lab002_pt3.csv,44.958333333333336,10.0,5.065755636363634,223,2230.0,37.166666666666664,0.6955318617144034,242,2420.0,40.333333333333336,0.46381634328008153,,,,40.333333333333336,1.2581883626273092,0.8824590409408938,0.8669600856336638
lab003,F3,pt3,Desktop_CyT_Tablero_Proceso\CO2_F3_lab003_pt3.csv,Desktop_CyT_Tablero_Proceso\CO2_FILT_F3_lab003_pt3.csv,44.952777777777776,10.0,1.6341490909090908,246,2460.0,41.0,0.5977161786639035,246,2460.0,41.0,0.47672684238083,0.0,,,45.166666666666664,0.7790317861969377,0.5438344585522378,0.7268350711366934
lab004,F1,pt2,CO2_F1_LAB004_PT2.csv,CO2_FILT_F1_LAB004_PT2.csv,171.2686111111111,10.0,12.535281818181819,255,2550.0,42.5,0.8939461927823186,254,2540.0,42.333333333333336,0.5546839715069425,,,,,2.6905780004374193,1.7844189769264969,0.9358797721514905
lab005,F2,pt2,CO2_F2_LAB005_PT2.csv,CO2_FILT_F2_LAB005_PT2.csv,171.27444444444444,10.0,10.815428181818183,233,2330.0,38.833333333333336,0.9072741362407235,253,2530.0,42.166666666666664,0.4771379780073677,,,,,1.4654926486764297,1.0985272355730225,0.9641990834299853
lab006,F3,pt2,CO2_F3_LAB006_PT2.csv,CO2_FILT_F3_LAB006_PT2.csv,194.25611111111112,10.0,6.547562272727273,257,2570.0,42.833333333333336,0.9074563816193912,251,2510.0,41.833333333333336,0.48074185857224233,2.1666666666667425,,,24.166666666666668,1.2189279880178812,0.8810273496317852,0.9281128315486714
lab007,F1,main,CO2_F1_lab007.csv,CO2_FILT_F1_lab007.csv,166.27722222222224,11.0,13.58457118181818,279,3069.0,51.15,0.9603698998826593,258,2838.0,47.3,0.49817296649297277,,,,,2.360210974587028,1.3874232342562782,0.965727273079884
lab008,F2,main,CO2_F2_lab008.csv,CO2_FILT_F2_lab008.csv,166.27138888888888,11.0,10.787795454545455,278,3058.0,50.96666666666667,0.9551307217761034,255,2805.0,46.75,0.4889634325087448,,,,,1.9363870135875179,1.146575513926941,0.9603451358068733
lab009,F3,main,CO2_F3_lab009.csv,CO2_FILT_F3_lab009.csv,166.26611111111112,11.0,4.503845,300,3300.0,55.0,0.87173405639775,270,2970.0,49.5,0.3985295349763038,,,,,1.3799470847240038,0.8699151647304851,0.8741370414918751
lab010,F1,pt2,CO2_F1_lab10_PT2.csv,CO2_FILT_F1_lab10_PT2.csv,210.67666666666668,15.0,6.074873333333332,202,3030.0,50.5,0.9546984014352535,190,2850.0,47.5,0.3198381328316358,,,,,0.7557988695364806,0.630602999679893,0.9581590959889265
lab011,F2,pt2,CO2_F2_lab11_PT2..csv,CO2_FILT_F2_lab11_PT2..csv,210.705,15.0,22.188546666666667,179,2685.0,44.75,0.9448968586940739,214,3210.0,53.5,0.14705987093901005,68.0,,,54.75,2.1071078571464263,2.0179901817146257,0.95230415521139
lab012,F3,pt2,CO2_F3_lab12_PT2.csv,CO2_FILT_F3_lab12_PT2.csv,210.74694444444444,15.0,18.40939,184,2760.0,46.0,0.9616259916188046,197,2955.0,49.25,0.20490636874958126,56.75,102.0,,98.25,1.8443095929017477,1.6859195032137355,0.968074190821509
