lab_id,lab_number,fermenter,segment,relative_path,rows,columns,start,end,duration_h,sample_s_median,invalid_timestamps,duplicate_timestamps,meaningful_gaps,hot_fraction,cold_fraction,sha256,path_depth,canonical_file,duplicate_copy
lab010,10.0,F1,main,Temp_F1_lab010.csv,20793,timestamp|fermentador|T|SP|banda|cold|hot|nutricion_activa|freq_nut,2026-05-12 16:13:16,2026-05-13 11:58:36,19.755555555555556,3.0,1,0,0,0.0,0.11258596643101043,06655a86eb8fe05adf6672cfc1459fc0ddb2b24200ef182891968a67da3b2002,1,True,False
lab002,2.0,F2,pt2,lab002_T_pt2.csv,16916,timestamp|fermentador|T|SP|banda|cold|hot|nutricion_activa|freq_nut,2026-03-29 19:59:08,2026-03-30 12:04:10,16.08388888888889,3.0,0,0,0,0.5652636557105699,0.00035469378103570584,18d3235eb659844e6cb752824eaa798aec32257176e0aca85aa3ebc7c3091111,1,True,False
lab002,2.0,F2,pt2,Desktop_CyT_Tablero_Proceso\lab002_T_pt2.csv,16916,timestamp|fermentador|T|SP|banda|cold|hot|nutricion_activa|freq_nut,2026-03-29 19:59:08,2026-03-30 12:04:10,16.08388888888889,3.0,0,0,0,0.5652636557105699,0.00035469378103570584,18d3235eb659844e6cb752824eaa798aec32257176e0aca85aa3ebc7c3091111,2,False,True
lab011,11.0,F2,pt2,Temp_F2_lab11_PT2.csv,152382,timestamp|fermentador|T|SP|banda|cold|hot|nutricion_activa|freq_nut,2026-05-13 14:40:25,2026-05-22 09:22:12,210.6963888888889,5.0,0,0,1,0.1284469294273602,0.13080941318528436,21758d0f42668b08fd5f6e43b4f853b0585e6fc9b798e23a801a1ff95be21bbe,1,True,False
lab012,12.0,F3,main,Temp_F3_lab012.csv,20767,timestamp|fermentador|T|SP|banda|cold|hot|nutricion_activa|freq_nut,2026-05-12 16:15:11,2026-05-13 11:59:02,19.730833333333333,3.0,1,0,0,0.0,0.20518129725044543,22fd022f178c5501a146e2a558fee3f4fe3974339ec54ac3848e884d59789ec9,1,True,False
lab010,10.0,F1,pt2,Temp_F1_lab10_PT2.csv,152377,timestamp|fermentador|T|SP|banda|cold|hot|nutricion_activa|freq_nut,2026-05-13 14:38:15,2026-05-22 09:19:35,210.6888888888889,5.0,0,0,1,0.00019688010657776435,0.2898862689251002,31a55e032c6d02e065a52bb9a5b2fdf2f0cb7740b0e97fecfbeb47507f8d930a,1,True,False
lab001,1.0,F1,pt2,lab001_T_pt2.csv,16937,timestamp|fermentador|T|SP|banda|cold|hot|nutricion_activa|freq_nut,2026-03-29 19:57:52,2026-03-30 12:04:06,16.10388888888889,3.0,0,0,0,0.5376985298458995,0.0017712700005904232,369ae69a299528cbcf78a2b8346bceee564e9b94df25f1aabbba56d63af6809c,1,True,False
lab001,1.0,F1,pt2,Desktop_CyT_Tablero_Proceso\lab001_T_pt2.csv,16937,timestamp|fermentador|T|SP|banda|cold|hot|nutricion_activa|freq_nut,2026-03-29 19:57:52,2026-03-30 12:04:06,16.10388888888889,3.0,0,0,0,0.5376985298458995,0.0017712700005904232,369ae69a299528cbcf78a2b8346bceee564e9b94df25f1aabbba56d63af6809c,2,False,True
lab006,6.0,F3,main,Desktop_CyT_Tablero_Proceso\Temp_F3_lab006.csv,17325,timestamp|fermentador|T|SP|banda|cold|hot|nutricion_activa|freq_nut,2026-04-06 14:47:23,2026-04-07 07:13:25,16.433888888888887,3.0,0,0,0,0.0,0.1447041847041847,47e1dcbd81cfe9ec70fc0adbe1fdec309bd1873bf14f2270378cdb2d84caadba,2,True,False
lab012,12.0,F3,pt2,Temp_F3_lab12_PT2.csv,152414,timestamp|fermentador|T|SP|banda|cold|hot|nutricion_activa|freq_nut,2026-05-13 14:40:26,2026-05-22 09:24:55,210.74138888888888,5.0,0,0,1,0.05873476189851326,0.11856522366711719,52a5da0e69da89a444097d444e3c6d85687e25d48449349cd6538e66c67e88bd,1,True,False
,,F2,main,Desktop_CyT_Tablero_Proceso\Temp_F2.csv,142183,timestamp|fermentador|T|SP|banda|cold|hot|nutricion_activa|freq_nut,2026-02-19 17:42:51,2026-02-25 12:01:39,138.31333333333333,3.0,0,0,0,0.0,0.12617542181554756,5d86d5c13e16e242b498923cf51ca8accf16c09a23fcfa8f808e430f845475ef,2,True,False
lab003,3.0,F3,pt2,lab003_T_pt2.csv,16905,timestamp|fermentador|T|SP|banda|cold|hot|nutricion_activa|freq_nut,2026-03-29 19:59:50,2026-03-30 12:04:14,16.073333333333334,3.0,0,0,0,0.10068027210884353,0.14723454599230998,639f4315cafae4fc573aa34a4b9040ac3451205300376eafb2ef28263600e61c,1,True,False
lab003,3.0,F3,pt2,Desktop_CyT_Tablero_Proceso\lab003_T_pt2.csv,16905,timestamp|fermentador|T|SP|banda|cold|hot|nutricion_activa|freq_nut,2026-03-29 19:59:50,2026-03-30 12:04:14,16.073333333333334,3.0,0,0,0,0.10068027210884353,0.14723454599230998,639f4315cafae4fc573aa34a4b9040ac3451205300376eafb2ef28263600e61c,2,False,True
lab005,5.0,F2,main,Desktop_CyT_Tablero_Proceso\Temp_F2_lab005.csv,17333,timestamp|fermentador|T|SP|banda|cold|hot|nutricion_activa|freq_nut,2026-04-06 14:46:55,2026-04-07 07:13:24,16.441388888888888,3.0,0,0,0,0.0,0.020192696013384873,63c25d73a39391b9f19cac97f265192fc4bf740329f54f7452ed0bcae28edc42,2,True,False
lab005,5.0,F2,pt2,Temp_F2_LAB005_PT2.csv,179382,timestamp|fermentador|T|SP|banda|cold|hot|nutricion_activa|freq_nut,2026-04-07 08:21:03,2026-04-14 11:40:25,171.3227777777778,3.0,0,0,0,0.0029322897503651427,0.12603271231227214,66203d0de25c6f9784b84a9b89206a19e56de9b0515c834edc89ba14b8c413a5,1,True,False
lab004,4.0,F1,main,Desktop_CyT_Tablero_Proceso\Temp_F1_lab004.csv,17346,timestamp|fermentador|T|SP|banda|cold|hot|nutricion_activa|freq_nut,2026-04-06 14:46:13,2026-04-07 07:13:27,16.45388888888889,3.0,0,0,0,0.003113109650639917,0.03430185633575464,7d86827b93d07c628ca851c913b0289e42ce625ba7a35eebde64a9676ad05cfe,2,True,False
lab001,1.0,F1,pt3,Temp_F1_lab001_pt3.csv,47351,timestamp|fermentador|T|SP|banda|cold|hot|nutricion_activa|freq_nut,2026-03-30 12:18:32,2026-04-01 09:16:46,44.970555555555556,3.0,0,0,0,0.007222656332495618,0.009165593123693269,85d1200deeca845c23f111bd711576b13593754c3db5b823f7ae0b9693a05e59,1,True,False
lab001,1.0,F1,pt3,Desktop_CyT_Tablero_Proceso\Temp_F1_lab001_pt3.csv,47351,timestamp|fermentador|T|SP|banda|cold|hot|nutricion_activa|freq_nut,2026-03-30 12:18:32,2026-04-01 09:16:46,44.970555555555556,3.0,0,0,0,0.007222656332495618,0.009165593123693269,85d1200deeca845c23f111bd711576b13593754c3db5b823f7ae0b9693a05e59,2,False,True
lab009,9.0,F3,main,Temp_F3_lab009.csv,148421,timestamp|fermentador|T|SP|banda|cold|hot|nutricion_activa|freq_nut,2026-04-17 11:21:32,2026-04-24 09:37:39,166.2686111111111,4.0,0,0,0,0.11342060759596014,0.05367165023817384,8774143c75b857859820d994520ff4bec48a0e3e4ba0375c0a8f2d04862d3a86,1,True,False
,,F1,main,MULT_F1.csv,19575,timestamp|fermentador|T|SP|banda|cold|hot|nutricion_activa|freq_nut,2026-07-23 15:37:53,2026-07-24 10:17:40,18.663055555555555,3.0,0,0,0,0.6943550446998723,0.05879948914431673,8a6652b3cc8c796edca95d19c84615b5197c2b41111e4a5a96702e711aaf3816,1,True,False
lab008,8.0,F2,main,Temp_F2_lab008.csv,148426,timestamp|fermentador|T|SP|banda|cold|hot|nutricion_activa|freq_nut,2026-04-17 11:21:11,2026-04-24 09:37:35,166.27333333333334,4.0,0,0,0,0.05513185021492192,0.0042378020023446025,8a91dcd25738e4f1d04c2c4aa667101be5ac3c90c9b502e3e64741d079f0fb31,1,True,False
lab003,3.0,F3,initial,ing26_lab003.csv,101696,timestamp|fermentador|T|SP|banda|cold|hot|nutricion_activa|freq_nut,2026-03-25 18:41:11,2026-03-29 19:34:54,96.89527777777778,3.0,0,0,0,0.4924775802391441,0.5075224197608559,90e5c6fa6b3940a06bf26ec374a031c9978d33b70eae698fb5fa33ac97a0a4e3,1,True,False
lab003,3.0,F3,initial,Desktop_CyT_Tablero_Proceso\ing26_lab003.csv,101696,timestamp|fermentador|T|SP|banda|cold|hot|nutricion_activa|freq_nut,2026-03-25 18:41:11,2026-03-29 19:34:54,96.89527777777778,3.0,0,0,0,0.4924775802391441,0.5075224197608559,90e5c6fa6b3940a06bf26ec374a031c9978d33b70eae698fb5fa33ac97a0a4e3,2,False,True
lab002,2.0,F2,initial,ing26_lab002.csv,101699,timestamp|fermentador|T|SP|banda|cold|hot|nutricion_activa|freq_nut,2026-03-25 18:40:56,2026-03-29 19:34:49,96.89805555555556,3.0,0,0,0,0.28734795819034603,0.712652041809654,98a23363c41a9068d419e1173d702e98bbfc867cbe100bb66901283452ad7a7e,1,True,False
lab002,2.0,F2,initial,Desktop_CyT_Tablero_Proceso\ing26_lab002.csv,101699,timestamp|fermentador|T|SP|banda|cold|hot|nutricion_activa|freq_nut,2026-03-25 18:40:56,2026-03-29 19:34:49,96.89805555555556,3.0,0,0,0,0.28734795819034603,0.712652041809654,98a23363c41a9068d419e1173d702e98bbfc867cbe100bb66901283452ad7a7e,2,False,True
lab006,6.0,F3,pt2,Temp_F3_LAB006_PT2.csv,203070,timestamp|fermentador|T|SP|banda|cold|hot|nutricion_activa|freq_nut,2026-04-07 08:21:28,2026-04-15 10:39:55,194.3075,3.0,0,0,0,0.014571330083222533,0.10229477520066972,a33ff00b7ea550a84362f67455c3c0437f6d281818d07525d554cbd72217dec7,1,True,False
lab001,1.0,F1,initial,ing26_lab001.csv,101795,timestamp|fermentador|T|SP|banda|cold|hot|nutricion_activa|freq_nut,2026-03-25 18:35:24,2026-03-29 19:34:45,96.98916666666666,3.0,0,0,0,0.282617024411808,0.717382975588192,a3fe9214c3cc32c388d92007409b430e3f12035f537041209ad37236bc35bb5a,1,True,False
lab001,1.0,F1,initial,Desktop_CyT_Tablero_Proceso\ing26_lab001.csv,101795,timestamp|fermentador|T|SP|banda|cold|hot|nutricion_activa|freq_nut,2026-03-25 18:35:24,2026-03-29 19:34:45,96.98916666666666,3.0,0,0,0,0.282617024411808,0.717382975588192,a3fe9214c3cc32c388d92007409b430e3f12035f537041209ad37236bc35bb5a,2,False,True
lab007,7.0,F1,main,Temp_F1_lab007.csv,148435,timestamp|fermentador|T|SP|banda|cold|hot|nutricion_activa|freq_nut,2026-04-17 11:20:36,2026-04-24 09:37:30,166.28166666666667,4.0,0,0,0,0.06233031293158622,0.008165190150570958,ae38b9b1fa6adac4435e93a73c5af6b2c7966280d82acbf3815ae3faf4132bec,1,True,False
lab002,2.0,F2,pt3,Temp_F2_lab002_pt3.csv,47346,timestamp|fermentador|T|SP|banda|cold|hot|nutricion_activa|freq_nut,2026-03-30 12:18:56,2026-04-01 09:16:54,44.96611111111111,3.0,0,0,0,0.05447133865585266,0.056139906222278546,b0e7b88864acbe6703a4a373f35f20ba74507fdb35021772bda3243df1d42183,1,True,False
lab002,2.0,F2,pt3,Desktop_CyT_Tablero_Proceso\Temp_F2_lab002_pt3.csv,47346,timestamp|fermentador|T|SP|banda|cold|hot|nutricion_activa|freq_nut,2026-03-30 12:18:56,2026-04-01 09:16:54,44.96611111111111,3.0,0,0,0,0.05447133865585266,0.056139906222278546,b0e7b88864acbe6703a4a373f35f20ba74507fdb35021772bda3243df1d42183,2,False,True
,,F3,main,Desktop_CyT_Tablero_Proceso\Temp_F3.csv,142184,timestamp|fermentador|T|SP|banda|cold|hot|nutricion_activa|freq_nut,2026-02-19 17:42:52,2026-02-25 12:01:43,138.31416666666667,3.0,0,0,0,0.10904180498508974,0.1263644291903449,b5f4d5519fc63013d4381b89ae23e84c63210fc27187d96cb390ad4e9c2c3c5f,2,True,False
,,F1,main,Desktop_CyT_Tablero_Proceso\Temp_F1.csv,142183,timestamp|fermentador|T|SP|banda|cold|hot|nutricion_activa|freq_nut,2026-02-19 17:42:47,2026-02-25 12:01:35,138.31333333333333,3.0,0,0,0,0.07523402938466624,0.050941392430881326,b6d0d2270e197bd2325123102536707027eb23c09a789388fe3685641c2b7545,2,True,False
lab003,3.0,F3,pt3,Temp_F3_lab003_pt3.csv,47338,timestamp|fermentador|T|SP|banda|cold|hot|nutricion_activa|freq_nut,2026-03-30 12:19:28,2026-04-01 09:16:58,44.958333333333336,3.0,0,0,0,0.00046474291267058177,0.1007013393045756,c5468bdedbf70d8b04686088277e76a9bf6ed362e3759302371a5aef051063c0,1,True,False
lab003,3.0,F3,pt3,Desktop_CyT_Tablero_Proceso\Temp_F3_lab003_pt3.csv,47338,timestamp|fermentador|T|SP|banda|cold|hot|nutricion_activa|freq_nut,2026-03-30 12:19:28,2026-04-01 09:16:58,44.958333333333336,3.0,0,0,0,0.00046474291267058177,0.1007013393045756,c5468bdedbf70d8b04686088277e76a9bf6ed362e3759302371a5aef051063c0,2,False,True
lab011,11.0,F2,main,Temp_F2_lab011.csv,20773,timestamp|fermentador|T|SP|banda|cold|hot|nutricion_activa|freq_nut,2026-05-12 16:14:49,2026-05-13 11:59:01,19.736666666666668,3.0,1,0,0,0.004525104703220526,0.0011072064699369374,cb77efcde9bfaa91be95570ef18f62d345061911f81f981cd2fa63e84a62ef94,1,True,False
,,F2,main,MULT_F2.csv,19571,timestamp|fermentador|T|SP|banda|cold|hot|nutricion_activa|freq_nut,2026-07-23 15:38:08,2026-07-24 10:17:41,18.659166666666668,3.0,0,0,0,0.6555107046139697,0.04292064789739921,d2bad266fdd81de80e8331c30a68489215cfb3af38f14083e09f8559f8179cd0,1,True,False
,,F3,main,MULT_F3.csv,19571,timestamp|fermentador|T|SP|banda|cold|hot|nutricion_activa|freq_nut,2026-07-23 15:38:12,2026-07-24 10:17:45,18.659166666666668,3.0,0,0,0,0.6891829748096674,0.060242195084563896,dcf02dcc42297a64121309768f78766d6c1fea27d1ed716d67722bb2eb9b4a85,1,True,False
lab004,4.0,F1,pt2,Temp_F1_lab004_PT2.csv,179381,timestamp|fermentador|T|SP|banda|cold|hot|nutricion_activa|freq_nut,2026-04-07 08:20:22,2026-04-14 11:39:40,171.32166666666666,3.0,0,0,0,0.032060251643150614,0.05866284612082662,f4905e40a4fafce142b5698f962ab8e3c2fd64aba4964a3ea41fe78678fa00de,1,True,False
