lab_id,fermenter,segment,window_start,window_end,window_h,amplitude_sccm,level_lag_min,level_correlation,derivative_lag_min,derivative_correlation
lab001,F1,28_03_26_1700,2026-03-28 17:25:40,2026-03-29 01:25:30,8.0,4.91989523791106,44.666666666666664,0.669942942810765,31.666666666666668,0.2994708159476539
lab001,F1,28_03_26_1700,2026-03-28 21:25:40,2026-03-29 05:25:30,8.0,7.903781874792994,8.0,0.4072424234780785,11.666666666666666,0.08693159700240018
lab001,F1,28_03_26_1700,2026-03-29 05:25:40,2026-03-29 13:25:30,8.0,6.49170299751933,45.5,0.4471508693642619,44.5,0.4248300747233636
lab001,F1,28_03_26_1700,2026-03-29 09:25:40,2026-03-29 17:25:30,8.0,8.246093232784446,36.833333333333336,0.51185278496123,42.833333333333336,0.3627645370360207
lab002,F2,pt3,2026-03-30 12:19:20,2026-03-30 20:19:10,8.0,6.3191420302571455,42.833333333333336,0.6022191304002975,40.833333333333336,0.48031459236511953
lab002,F2,pt3,2026-03-30 20:19:20,2026-03-31 04:19:10,8.0,1.5763785213438193,39.0,0.7128677608397813,39.333333333333336,0.29805019484767686
lab002,F2,pt3,2026-03-31 00:19:20,2026-03-31 08:19:10,8.0,0.8475409740706045,35.666666666666664,0.5749794011035672,38.833333333333336,0.2749549283928714
lab002,F2,pt3,2026-03-31 04:19:20,2026-03-31 12:19:10,8.0,0.3704284553362964,19.666666666666668,0.5111137387615707,39.0,0.4193554822397566
lab002,F2,pt3,2026-03-31 08:19:20,2026-03-31 16:19:10,8.0,1.458775417085615,34.5,0.7130217017154782,34.833333333333336,0.40596584024407234
lab002,F2,pt3,2026-03-31 12:19:20,2026-03-31 20:19:10,8.0,1.9337170125119867,42.166666666666664,0.6625569432364053,41.833333333333336,0.4800620761733036
lab002,F2,pt3,2026-03-31 16:19:20,2026-04-01 00:19:10,8.0,2.130254353572541,-5.333333333333333,0.40877743793463994,-23.0,0.23462252195461694
lab002,F2,pt3,2026-04-01 00:19:20,2026-04-01 08:19:10,8.0,0.7721057061677854,14.833333333333334,0.46541048344624275,44.0,0.17366560577897563
lab003,F3,pt3,2026-03-30 12:19:50,2026-03-30 20:19:40,8.0,2.4662036140384656,42.333333333333336,0.6628966575324203,41.0,0.4949940719526418
lab003,F3,pt3,2026-03-30 16:19:50,2026-03-31 00:19:40,8.0,1.1900255888301141,15.0,0.7445984879596905,53.166666666666664,0.19554248362028268
lab003,F3,pt3,2026-03-30 20:19:50,2026-03-31 04:19:40,8.0,0.7274396750034029,44.0,0.4101411065832931,40.666666666666664,0.40634728113751056
lab003,F3,pt3,2026-03-31 00:19:50,2026-03-31 08:19:40,8.0,0.5556807362895062,43.333333333333336,0.3376636405522224,43.333333333333336,0.1945704064854016
lab003,F3,pt3,2026-03-31 04:19:50,2026-03-31 12:19:40,8.0,0.5080919747243173,41.0,0.3313475803380958,40.666666666666664,0.4112643080395655
lab003,F3,pt3,2026-03-31 08:19:50,2026-03-31 16:19:40,8.0,0.8465980602582441,25.166666666666668,0.7842248378589479,33.166666666666664,0.4720120467562386
lab003,F3,pt3,2026-03-31 12:19:50,2026-03-31 20:19:40,8.0,1.0712569928247966,42.166666666666664,0.6047715663492624,41.0,0.524263342037163
lab003,F3,pt3,2026-03-31 16:19:50,2026-04-01 00:19:40,8.0,0.6083325838591226,0.0,0.3882038416828671,-27.5,0.3700447988438933
lab003,F3,pt3,2026-04-01 00:19:50,2026-04-01 08:19:40,8.0,0.42157169736321287,34.833333333333336,0.26066997945228326,36.666666666666664,0.37633756606653707
lab004,F1,pt2,2026-04-07 08:23:40,2026-04-08 08:23:30,24.0,13.925703955830969,32.666666666666664,0.73756265829095,38.833333333333336,0.39004431880296125
lab004,F1,pt2,2026-04-07 20:23:40,2026-04-08 20:23:30,24.0,15.364579986649172,43.0,0.903042991526772,43.0,0.6891251936423456
lab004,F1,pt2,2026-04-08 08:23:40,2026-04-09 08:23:30,24.0,15.286904316658225,45.333333333333336,0.8402134754115604,42.5,0.6217387557748112
lab004,F1,pt2,2026-04-08 20:23:40,2026-04-09 20:23:30,24.0,8.228498770180899,44.666666666666664,0.5952825597759817,42.166666666666664,0.5063389018194251
lab004,F1,pt2,2026-04-09 08:23:40,2026-04-10 08:23:30,24.0,8.32073614044602,44.5,0.5981974932057901,42.166666666666664,0.4912451737701989
lab004,F1,pt2,2026-04-09 20:23:40,2026-04-10 20:23:30,24.0,8.262191518731012,43.0,0.596531573655365,41.833333333333336,0.5186871802524057
lab004,F1,pt2,2026-04-10 08:23:40,2026-04-11 08:23:30,24.0,8.669124817409722,42.0,0.5187904792010386,42.0,0.4825894915537151
lab004,F1,pt2,2026-04-10 20:23:40,2026-04-11 20:23:30,24.0,9.772276058541493,43.166666666666664,0.40416262003980363,42.0,0.37053982876915725
lab004,F1,pt2,2026-04-11 08:23:40,2026-04-12 08:23:30,24.0,5.388777279236224,43.333333333333336,0.6540904511588248,42.333333333333336,0.5068887571422444
lab004,F1,pt2,2026-04-12 08:23:40,2026-04-13 08:23:30,24.0,0.7341295305829427,44.166666666666664,0.563997220761997,42.166666666666664,0.49870545083694096
lab004,F1,pt2,2026-04-12 20:23:40,2026-04-13 20:23:30,24.0,0.7727140833605435,42.833333333333336,0.5653395661426205,40.333333333333336,0.46733009378480783
lab005,F2,pt2,2026-04-07 08:24:00,2026-04-08 08:23:50,24.0,10.209582948770382,41.5,0.6026215202039108,42.5,0.3953297996792737
lab005,F2,pt2,2026-04-07 20:24:00,2026-04-08 20:23:50,24.0,6.759087933162732,40.833333333333336,0.7636976859831749,42.333333333333336,0.5661713910616574
lab005,F2,pt2,2026-04-08 08:24:00,2026-04-09 08:23:50,24.0,5.095863567738192,43.833333333333336,0.7422096021466011,44.0,0.6010974413038742
lab005,F2,pt2,2026-04-08 20:24:00,2026-04-09 20:23:50,24.0,4.965121800335053,46.333333333333336,0.5276334089173503,44.333333333333336,0.4706076830488852
lab005,F2,pt2,2026-04-09 08:24:00,2026-04-10 08:23:50,24.0,4.537442891222371,46.166666666666664,0.5243409934558402,44.333333333333336,0.469140397894816
lab005,F2,pt2,2026-04-09 20:24:00,2026-04-10 20:23:50,24.0,3.8216117895803645,40.833333333333336,0.6039686160582826,39.5,0.46126604856399206
lab005,F2,pt2,2026-04-10 08:24:00,2026-04-11 08:23:50,24.0,3.811408567977029,39.666666666666664,0.6211459834311824,39.333333333333336,0.46228385435131847
lab005,F2,pt2,2026-04-10 20:24:00,2026-04-11 20:23:50,24.0,5.177797413750474,44.0,0.5492949784676598,41.666666666666664,0.4509401839855255
lab005,F2,pt2,2026-04-11 08:24:00,2026-04-12 08:23:50,24.0,3.9182421312374442,43.833333333333336,0.5582720901995675,41.666666666666664,0.45149590790895794
lab005,F2,pt2,2026-04-11 20:24:00,2026-04-12 20:23:50,24.0,1.260999613624646,42.833333333333336,0.6570099930027449,41.666666666666664,0.5253054148355143
lab005,F2,pt2,2026-04-12 08:24:00,2026-04-13 08:23:50,24.0,0.5935158084918638,43.833333333333336,0.5984255849888038,41.666666666666664,0.5236607932151514
lab005,F2,pt2,2026-04-12 20:24:00,2026-04-13 20:23:50,24.0,0.5778215064506632,44.166666666666664,0.6756085405739007,42.333333333333336,0.5087358129705506
lab005,F2,pt2,2026-04-13 08:24:00,2026-04-14 08:23:50,24.0,0.5657697833140668,44.5,0.6319299937631765,42.333333333333336,0.5108946955451265
lab006,F3,pt2,2026-04-07 08:24:40,2026-04-08 08:24:30,24.0,2.0154719996564223,41.333333333333336,0.5226017554857758,41.333333333333336,0.33733442844174877
lab006,F3,pt2,2026-04-07 20:24:40,2026-04-08 20:24:30,24.0,4.045319782410682,43.0,0.7076512046228209,41.333333333333336,0.48302469597930137
lab006,F3,pt2,2026-04-08 08:24:40,2026-04-09 08:24:30,24.0,4.622908447088403,42.833333333333336,0.656774861119518,40.833333333333336,0.46807485135744814
lab006,F3,pt2,2026-04-08 20:24:40,2026-04-09 20:24:30,24.0,3.7660185894910296,44.5,0.678251122066891,43.166666666666664,0.5061874641440388
lab006,F3,pt2,2026-04-09 08:24:40,2026-04-10 08:24:30,24.0,3.7511402375457643,44.333333333333336,0.6582680669557177,43.333333333333336,0.5049348035030282
lab006,F3,pt2,2026-04-09 20:24:40,2026-04-10 20:24:30,24.0,3.7318182839993064,45.166666666666664,0.6688725787305169,42.666666666666664,0.4718475721639498
lab006,F3,pt2,2026-04-10 08:24:40,2026-04-11 08:24:30,24.0,3.7318182839993064,47.0,0.6909596197133,43.666666666666664,0.5044842476024229
lab006,F3,pt2,2026-04-10 20:24:40,2026-04-11 20:24:30,24.0,3.095330285487782,44.0,0.5672597521164922,41.5,0.46860784998842564
lab006,F3,pt2,2026-04-11 08:24:40,2026-04-12 08:24:30,24.0,2.5756779811483503,43.166666666666664,0.5834421309158695,41.0,0.4858611985280069
lab006,F3,pt2,2026-04-11 20:24:40,2026-04-12 20:24:30,24.0,2.8568396758402432,42.5,0.5550220739775382,40.5,0.48363630528719326
lab006,F3,pt2,2026-04-12 08:24:40,2026-04-13 08:24:30,24.0,3.0065319526569576,43.166666666666664,0.5446873638208714,41.0,0.4753871238489536
lab006,F3,pt2,2026-04-12 20:24:40,2026-04-13 20:24:30,24.0,1.4685399456009567,42.666666666666664,0.5648284607544176,41.0,0.48366535537028493
lab006,F3,pt2,2026-04-13 08:24:40,2026-04-14 08:24:30,24.0,1.1623024464474836,42.833333333333336,0.5394080223706298,40.833333333333336,0.47567953044395705
lab006,F3,pt2,2026-04-13 20:24:40,2026-04-14 20:24:30,24.0,1.8728738171529722,44.333333333333336,0.7345126225291085,42.0,0.4948192743987566
lab006,F3,pt2,2026-04-14 08:24:40,2026-04-15 08:24:30,24.0,1.958330787434059,44.333333333333336,0.6888573013709135,41.833333333333336,0.47891993989706627
lab007,F1,main,2026-04-17 23:21:07,2026-04-18 23:21:01,24.0,5.3059831767418215,35.93333333333333,0.55055397654543,39.78333333333333,0.34067403900379106
lab007,F1,main,2026-04-18 11:21:04,2026-04-19 11:20:58,24.0,12.716960059578055,36.3,0.6456192065488856,42.71666666666667,0.27771757404832437
lab007,F1,main,2026-04-18 23:21:01,2026-04-19 23:20:55,24.0,9.72219851888982,45.28333333333333,0.7358184530012679,43.63333333333333,0.5648725953094859
lab007,F1,main,2026-04-19 11:20:58,2026-04-20 11:20:52,24.0,12.658515723005067,42.166666666666664,0.6393189897221181,43.81666666666667,0.4142942352592686
lab007,F1,main,2026-04-19 23:20:55,2026-04-20 23:20:49,24.0,9.949613870093428,50.233333333333334,0.8237075083563217,47.85,0.5090128282143211
lab007,F1,main,2026-04-20 11:20:52,2026-04-21 11:20:46,24.0,13.193908291570832,42.53333333333333,0.7147271823139931,51.333333333333336,0.594237237185531
lab007,F1,main,2026-04-20 23:20:49,2026-04-21 23:20:43,24.0,10.822814833712002,57.2,0.8492586217309482,52.61666666666667,0.5680059866841697
lab007,F1,main,2026-04-21 11:20:46,2026-04-22 11:20:40,24.0,11.475313971785257,50.416666666666664,0.6578797595184542,52.25,0.5456458122450374
lab007,F1,main,2026-04-21 23:20:43,2026-04-22 23:20:37,24.0,9.869801609065103,57.38333333333333,0.7550729861501738,51.15,0.4748179381352037
lab007,F1,main,2026-04-22 11:20:40,2026-04-23 11:20:34,24.0,3.321664333532073,53.9,0.6287336427229826,48.03333333333333,0.3790998413233742
lab007,F1,main,2026-04-22 23:20:37,2026-04-23 23:20:31,24.0,1.6544603946673249,51.88333333333333,0.6795660510092139,47.483333333333334,0.5124520086839981
lab008,F2,main,2026-04-17 11:21:32,2026-04-18 11:21:26,24.0,0.9956490393324621,-13.933333333333334,0.470263378844089,-57.75,0.15800863963051348
lab008,F2,main,2026-04-17 23:21:29,2026-04-18 23:21:23,24.0,3.1120077584033154,36.666666666666664,0.4656378201144133,37.766666666666666,0.35139796719011107
lab008,F2,main,2026-04-18 11:21:26,2026-04-19 11:21:20,24.0,9.290236962193188,32.266666666666666,0.692533004407456,39.05,0.305280839336189
lab008,F2,main,2026-04-18 23:21:23,2026-04-19 23:21:17,24.0,7.931435386753379,45.833333333333336,0.8117899469175648,44.36666666666667,0.615450553757487
lab008,F2,main,2026-04-19 11:21:20,2026-04-20 11:21:14,24.0,9.616265489020217,49.31666666666667,0.7290679672526335,44.0,0.5110112928542987
lab008,F2,main,2026-04-19 23:21:17,2026-04-20 23:21:11,24.0,7.2739349784754666,46.75,0.7216772868940421,44.916666666666664,0.4729751722446619
lab008,F2,main,2026-04-20 11:21:14,2026-04-21 11:21:08,24.0,10.766153826019382,40.516666666666666,0.6612319595455324,43.083333333333336,0.6208145837023289
lab008,F2,main,2026-04-20 23:21:11,2026-04-21 23:21:05,24.0,9.952770294100006,56.833333333333336,0.8610453737204383,52.61666666666667,0.5867459599574829
lab008,F2,main,2026-04-21 11:21:08,2026-04-22 11:21:02,24.0,8.031933919896623,49.5,0.6667115337548122,53.166666666666664,0.4894892440425976
lab008,F2,main,2026-04-21 23:21:05,2026-04-22 23:20:59,24.0,8.780840493868574,55.55,0.7524692926624352,50.78333333333333,0.4341477147415471
lab008,F2,main,2026-04-22 11:21:02,2026-04-23 11:20:56,24.0,3.1365132097147677,50.78333333333333,0.5526671018298688,47.11666666666667,0.350897510370687
lab008,F2,main,2026-04-22 23:20:59,2026-04-23 23:20:53,24.0,2.3577232498724556,51.88333333333333,0.6754120651350436,48.4,0.523897551001019
lab009,F3,main,2026-04-17 11:21:54,2026-04-18 11:21:48,24.0,0.28808981897401076,-20.716666666666665,0.4376156897861673,-7.333333333333333,0.1350081579880506
lab009,F3,main,2026-04-17 23:21:51,2026-04-18 23:21:45,24.0,0.6616784450886325,40.7,0.5141666112317234,41.25,0.4148314682950743
lab009,F3,main,2026-04-18 11:21:48,2026-04-19 11:21:42,24.0,2.068109794839177,34.28333333333333,0.560323372875716,40.88333333333333,0.08971275756368781
lab009,F3,main,2026-04-18 23:21:45,2026-04-19 23:21:39,24.0,1.9383437805790593,43.45,0.441447856924399,41.06666666666667,0.2993103012643469
lab009,F3,main,2026-04-19 11:21:42,2026-04-20 11:21:36,24.0,2.2339953509275223,42.35,0.36546935499927585,46.2,0.24832269677874483
lab009,F3,main,2026-04-19 23:21:39,2026-04-20 23:21:33,24.0,5.01578678363209,56.46666666666667,0.7687609245167821,53.9,0.46510404299582164
lab009,F3,main,2026-04-20 11:21:36,2026-04-21 11:21:30,24.0,8.78243454056106,61.233333333333334,0.7422975174506284,52.983333333333334,0.5196311766009046
lab009,F3,main,2026-04-20 23:21:33,2026-04-21 23:21:27,24.0,8.038815430620316,55.55,0.8175751999507843,52.43333333333333,0.4734405371144558
lab009,F3,main,2026-04-21 11:21:30,2026-04-22 11:21:24,24.0,4.1398813449382095,56.28333333333333,0.7966817308130735,56.65,0.5245609702162348
lab009,F3,main,2026-04-21 23:21:27,2026-04-22 23:21:21,24.0,4.495887819117513,57.75,0.8273559039988151,53.9,0.54678166163856
lab009,F3,main,2026-04-22 11:21:24,2026-04-23 11:21:18,24.0,1.7852316582217531,51.333333333333336,0.5534664633766141,46.75,0.39993719451219434
lab009,F3,main,2026-04-22 23:21:21,2026-04-23 23:21:15,24.0,1.4278197151860201,52.06666666666667,0.6619157457964142,48.583333333333336,0.5245829928894041
lab010,F1,pt2,2026-05-14 14:39:45,2026-05-15 14:39:30,24.0,1.6228883619055403,52.0,0.6207352983426168,54.75,0.25266256504859497
lab010,F1,pt2,2026-05-15 02:39:45,2026-05-16 02:39:30,24.0,1.8691890375899052,65.25,0.7332405836913506,56.75,0.3245558073006363
lab010,F1,pt2,2026-05-15 14:39:45,2026-05-16 14:39:30,24.0,4.347475127692539,0.0,0.8301623648041272,53.0,0.2947598386573891
lab010,F1,pt2,2026-05-16 02:39:45,2026-05-17 02:39:30,24.0,3.7572927579771873,0.0,0.513167262035544,51.25,0.19690692880329677
lab010,F1,pt2,2026-05-16 14:39:45,2026-05-17 14:39:30,24.0,1.4732710767712156,36.5,0.7332914849532127,54.25,0.34223447643384114
lab010,F1,pt2,2026-05-17 02:39:45,2026-05-18 02:39:30,24.0,3.0163962576501495,57.75,0.8254806458800898,57.75,0.40451212606967757
lab010,F1,pt2,2026-05-17 14:39:45,2026-05-18 14:39:30,24.0,2.7874277251426816,53.5,0.44041657843323423,49.5,0.2763398588557788
lab010,F1,pt2,2026-05-18 02:39:45,2026-05-19 02:39:30,24.0,2.473633418265724,54.75,0.389750677440929,48.75,0.2681172504056349
lab010,F1,pt2,2026-05-18 14:39:45,2026-05-19 14:39:30,24.0,2.605509439424921,48.25,0.43051884642784405,47.75,0.33656649303862307
lab010,F1,pt2,2026-05-19 02:39:45,2026-05-20 02:39:30,24.0,2.783046006743413,52.75,0.4936686858828521,48.5,0.3454789436001325
lab010,F1,pt2,2026-05-19 14:39:45,2026-05-20 14:39:30,24.0,1.6568970036978894,47.25,0.4122620496606635,45.0,0.33311341326842553
lab010,F1,pt2,2026-05-20 02:39:45,2026-05-21 02:39:30,24.0,0.4086292870424093,49.25,0.48071269933291355,44.75,0.3594586641332539
lab011,F2,pt2,2026-05-14 14:40:45,2026-05-15 14:40:30,24.0,5.486447662576945,55.25,0.7063247017287647,57.0,0.27007001917500806
lab011,F2,pt2,2026-05-15 02:40:45,2026-05-16 02:40:30,24.0,23.2131448484493,52.0,0.5086412772053387,63.5,0.19413607863052135
lab011,F2,pt2,2026-05-15 14:40:45,2026-05-16 14:40:30,24.0,19.259191983057534,0.0,0.5732203656283428,63.0,0.08535383614755142
lab011,F2,pt2,2026-05-17 14:40:45,2026-05-18 14:40:30,24.0,9.501733721828938,51.0,0.3175288073983584,51.0,0.22880631548182226
lab011,F2,pt2,2026-05-18 02:40:45,2026-05-19 02:40:30,24.0,5.268823455925613,56.5,0.4361936930463014,51.0,0.2923426663585182
lab011,F2,pt2,2026-05-18 14:40:45,2026-05-19 14:40:30,24.0,2.458926571086896,48.25,0.4281945312692822,48.5,0.3646468720552637
lab011,F2,pt2,2026-05-19 02:40:45,2026-05-20 02:40:30,24.0,2.589740282775208,53.5,0.4446501290751488,49.5,0.30864662518876285
lab011,F2,pt2,2026-05-20 02:40:45,2026-05-21 02:40:30,24.0,2.957809800497001,46.75,0.25022389703838205,47.0,0.12050516540807522
lab012,F3,pt2,2026-05-13 14:40:45,2026-05-14 14:40:30,24.0,1.1839549206037954,63.25,0.4426215019357133,58.25,0.16774079158716138
lab012,F3,pt2,2026-05-14 02:40:45,2026-05-15 02:40:30,24.0,1.475709743672892,62.0,0.4003797548715102,53.25,0.22966548936284306
lab012,F3,pt2,2026-05-14 14:40:45,2026-05-15 14:40:30,24.0,8.339721683339349,60.75,0.7486670453411786,65.25,0.34970896230325976
lab012,F3,pt2,2026-05-15 02:40:45,2026-05-16 02:40:30,24.0,14.223721554600509,62.75,0.569910505384621,48.5,0.25690229473128406
lab012,F3,pt2,2026-05-15 14:40:45,2026-05-16 14:40:30,24.0,11.539252102514595,30.5,0.5429955769981669,40.0,0.21066232272085375
lab012,F3,pt2,2026-05-16 02:40:45,2026-05-17 02:40:30,24.0,11.497332974007934,62.0,0.408596084379701,46.25,0.18116650383870636
lab012,F3,pt2,2026-05-17 14:40:45,2026-05-18 14:40:30,24.0,12.077365738392004,61.75,0.2600041608512481,51.75,0.18208906633887048
lab012,F3,pt2,2026-05-18 02:40:45,2026-05-19 02:40:30,24.0,9.225496219562926,60.25,0.38284517015172875,51.75,0.23425099097192892
lab012,F3,pt2,2026-05-18 14:40:45,2026-05-19 14:40:30,24.0,5.674496746106252,49.0,0.6152554256947833,49.5,0.33587583411165184
lab012,F3,pt2,2026-05-19 02:40:45,2026-05-20 02:40:30,24.0,1.730723722406261,54.25,0.5571787574134593,49.25,0.36102584856131464
