sample_id,lab_id,fermenter,fecha_muestreo,hora_muestreo,time_h,brix_degBx,rho_value,rho_unit,temperature_C,DO_value,DO_unit,CO2_dissolved_16C_mg_L,CO2_unit,CO2_table_temperature_C,CO2_residual_volume_mL,CO2_dissolved_actualT_mg_L,notes,y15_datetime,y15_datetime_end,YAN_mg_L,ammonia_mg_L,PAN_mg_L,glucose_g_L,glucose_fructose_g_L,fructose_g_L,glycerol_g_L
LAB013-1,LAB013,F1,2026-08-18,10:00:00,,16.7,1066.7,kg/m3,19.2,3.78,mg/L,476.0,mg/L,16.0,95.0,431.2,,,,,,,,,,
LAB014-1,LAB014,F2,2026-08-18,10:00:00,,16.8,1067.1,kg/m3,19.4,2.89,mg/L,476.0,mg/L,16.0,95.0,428.4,,,,,,,,,,
LAB015-1,LAB015,F3,2026-08-18,10:00:00,,16.8,1066.9,kg/m3,20.4,3.41,mg/L,527.0,mg/L,16.0,94.0,466.0,Excede limite de la tabla,,,,,,,,,
LAB013-2,LAB013,F1,2026-08-18,12:30:00,,16.3,1065.2,kg/m3,17.7,1.76,mg/L,476.0,mg/L,16.0,95.0,452.2,,2026-08-18 13:12:58,2026-08-18 13:21:23,237.0,164.0,102.0,71.13,146.6,75.47,1.13
LAB014-2,LAB014,F2,2026-08-18,12:30:00,,16.7,1067.1,kg/m3,18.0,1.99,mg/L,628.0,mg/L,16.0,92.0,591.0,,2026-08-18 13:13:46,2026-08-18 13:24:59,246.0,168.0,108.0,75.67,155.8,80.13,1.15
LAB015-2,LAB015,F3,2026-08-18,12:30:00,,16.9,1067.9,kg/m3,17.7,2.12,mg/L,730.0,mg/L,16.0,90.0,696.0,,2026-08-18 13:16:10,2026-08-18 13:28:36,250.0,171.0,110.0,75.36,152.94,77.58,1.14
LAB013-3,LAB013,F1,2026-08-18,14:30:00,,16.7,1067.2,kg/m3,17.1,2.13,mg/L,679.0,mg/L,16.0,91.0,658.2,,2026-08-18 15:02:13,2026-08-18 15:09:26,246.0,168.0,109.0,75.31,153.13,77.82,1.3
LAB014-3,LAB014,F2,2026-08-18,14:30:00,,16.7,1067.2,kg/m3,17.9,2.38,mg/L,628.0,mg/L,16.0,92.0,593.0,,2026-08-18 15:03:01,2026-08-18 15:13:03,246.0,169.0,107.0,74.6,150.65,76.05,1.2
LAB015-3,LAB015,F3,2026-08-18,14:30:00,,16.8,1067.6,kg/m3,17.3,1.86,mg/L,628.0,mg/L,16.0,92.0,605.0,,2026-08-18 15:33:51,2026-08-18 15:56:41,244.0,168.0,107.0,74.27,153.35,79.08,1.24
LAB013-4,LAB013,F1,2026-08-18,17:00:00,,16.8,1067.5,kg/m3,17.5,2.59,mg/L,578.0,mg/L,16.0,93.0,553.0,,2026-08-18 17:10:13,2026-08-18 17:24:15,245.0,167.0,108.0,75.06,154.55,79.49,1.12
LAB014-4,LAB014,F2,2026-08-18,17:00:00,,16.8,1067.7,kg/m3,18.1,1.41,mg/L,527.0,mg/L,16.0,94.0,494.5,,2026-08-18 17:12:37,2026-08-18 17:27:51,246.0,170.0,107.0,76.3,156.87,80.57,1.11
LAB015-4,LAB015,F3,2026-08-18,17:00:00,,16.8,1067.6,kg/m3,17.8,0.65,mg/L,578.0,mg/L,16.0,93.0,548.2,,2026-08-18 17:17:25,2026-08-18 17:31:27,246.0,170.0,107.0,76.07,155.1,79.03,1.08
LAB013-5,LAB013,F1,2026-08-19,09:00:00,,16.2,1064.3,kg/m3,19.5,1.62,mg/L,1760.0,mg/L,16.0,64.0,1597.5,,2026-08-19 11:11:09,2026-08-19 11:34:22,227.0,161.0,94.0,74.91,151.69,76.78,1.34
LAB014-5,LAB014,F2,2026-08-19,09:00:00,,16.5,1065.2,kg/m3,19.5,0.91,mg/L,1821.0,mg/L,16.0,62.0,1666.0,,2026-08-19 11:11:57,2026-08-19 11:37:35,227.0,163.0,93.0,72.69,150.78,78.09,1.36
LAB015-5,LAB015,F3,2026-08-19,09:00:00,,16.5,1063.7,kg/m3,19.2,0.64,mg/L,1621.0,mg/L,16.0,68.0,1491.8,,2026-08-19 11:14:21,2026-08-19 11:41:11,229.0,163.0,96.0,73.88,150.62,76.74,1.32
LAB013-6,LAB013,F1,2026-08-19,15:00:00,,15.4,1061.4,kg/m3,17.5,1.11,mg/L,1953.0,mg/L,16.0,58.0,1884.5,,2026-08-19 15:32:51,2026-08-19 16:06:29,207.0,150.0,84.0,65.18,139.09,73.91,1.52
LAB014-6,LAB014,F2,2026-08-19,15:00:00,,16.1,1064.6,kg/m3,17.6,0.52,mg/L,2078.0,mg/L,16.0,54.0,2003.0,,2026-08-19 15:33:39,2026-08-19 16:10:05,216.0,156.0,88.0,71.22,148.29,77.07,1.5
LAB015-6,LAB015,F3,2026-08-19,15:00:00,,16.3,1065.2,kg/m3,17.7,0.63,mg/L,1922.0,mg/L,16.0,59.0,1844.5,,2026-08-19 15:36:03,2026-08-19 16:13:42,222.0,159.0,91.0,71.71,149.13,77.42,1.46
LAB013-7,LAB013,F1,2026-08-20,09:30:00,,15.0,1060.1,kg/m3,17.2,0.73,mg/L,2016.0,mg/L,16.0,56.0,1960.6,,2026-08-20 10:22:27,2026-08-20 10:38:29,183.0,136.0,72.0,66.07,140.22,74.15,1.84
LAB014-7,LAB014,F2,2026-08-20,09:30:00,,14.9,1059.3,kg/m3,17.7,0.35,mg/L,1890.0,mg/L,16.0,60.0,1813.5,,2026-08-20 10:29:40,2026-08-20 10:42:05,171.0,127.0,67.0,63.52,136.62,73.1,1.98
LAB015-7,LAB015,F3,2026-08-20,09:30:00,,15.3,1060.9,kg/m3,18.0,0.36,mg/L,1727.0,mg/L,16.0,65.0,1641.0,,2026-08-20 10:32:04,2026-08-20 10:45:42,184.0,139.0,70.0,66.22,142.64,76.42,1.81
LAB013-8,LAB013,F1,2026-08-20,15:00:00,,14.4,1057.2,kg/m3,18.4,0.56,mg/L,,mg/L,,,,,2026-08-20 15:37:23,2026-08-20 15:45:49,164.0,122.0,64.0,61.99,134.95,72.96,2.16
LAB014-8,LAB014,F2,2026-08-20,15:00:00,,14.3,1056.4,kg/m3,18.4,0.33,mg/L,,mg/L,,,,,2026-08-20 15:38:11,2026-08-20 15:49:25,146.0,108.0,57.0,59.55,130.71,71.16,2.39
LAB015-8,LAB015,F3,2026-08-20,15:00:00,,14.7,1058.4,kg/m3,18.5,0.32,mg/L,,mg/L,,,,,2026-08-20 15:40:35,2026-08-20 15:53:01,168.0,128.0,63.0,62.51,137.72,75.21,2.15
LAB013-9,LAB013,F1,2026-08-21,09:30:00,,12.7,1050.5,kg/m3,16.3,,mg/L,,mg/L,,,,,,,,,,,,,
LAB014-9,LAB014,F2,2026-08-21,09:30:00,,11.9,1047.0,kg/m3,16.4,,mg/L,,mg/L,,,,,,,,,,,,,
LAB015-9,LAB015,F3,2026-08-21,09:30:00,,13.0,1051.3,kg/m3,16.4,,mg/L,,mg/L,,,,,,,,,,,,,
LAB013-10,LAB013,F1,2026-08-24,09:30:00,,2.9,1009.3,kg/m3,19.2,,mg/L,,mg/L,,,,,,,,,,,,,
LAB014-10,LAB014,F2,2026-08-24,09:30:00,,2.1,1006.6,kg/m3,18.5,,mg/L,,mg/L,,,,,,,,,,,,,
LAB015-10,LAB015,F3,2026-08-24,09:30:00,,3.4,1011.7,kg/m3,17.8,,mg/L,,mg/L,,,,,,,,,,,,,
