process,sample_id,sample_id_raw,sample_sequence,sample_id_repaired,sample_collection_datetime_raw,sample_collection_datetime,analysis_datetime,time_source,t0,t_h,oculyze_concentration_million_cells_ml,viability_percent,budding_index_percent,density_oculyze,temperature_oculyze_c,x_total_g_l,x_viable_g_l,x_dead_g_l,source_file
F1,DOE-LAB004-1,DOE-LAB004-1,1,False,2026-07-06 12:00:00,2026-07-06 12:00:00,2026-07-06 14:54:05,oculyze_description,2026-07-06 12:00:00,0.0,3.61,69.15,21.28,1068.6,19.7,0.1083,0.07488945,0.03341055,D:\claud\Desktop\Universidad\Memoria\Model\pyomo-doe\fermentation_model\data\Laboratorio 2026\MBDoE_2026\DOE_Lote_2\DOE26-F04_F1_Lot2_synthetic_glucose_rich_fructose_pulse\Oculyze_LAB004.csv
F1,DOE-LAB004-3,DOE-LAB004-3,3,False,2026-07-06 16:30:00,2026-07-06 16:30:00,2026-07-06 16:56:33,oculyze_description,2026-07-06 12:00:00,4.5,7.07,85.87,20.11,1069.9,20.0,0.2121,0.18213027,0.02996973,D:\claud\Desktop\Universidad\Memoria\Model\pyomo-doe\fermentation_model\data\Laboratorio 2026\MBDoE_2026\DOE_Lote_2\DOE26-F04_F1_Lot2_synthetic_glucose_rich_fructose_pulse\Oculyze_LAB004.csv
F1,DOE-LAB004-4,DOE-LAB004-4,4,False,2026-07-07 09:00:00,2026-07-07 09:00:00,2026-07-07 08:38:47,oculyze_description,2026-07-06 12:00:00,21.0,10.06,92.75,29.39,1061.1,19.6,0.3018,0.27991950000000004,0.02188049999999997,D:\claud\Desktop\Universidad\Memoria\Model\pyomo-doe\fermentation_model\data\Laboratorio 2026\MBDoE_2026\DOE_Lote_2\DOE26-F04_F1_Lot2_synthetic_glucose_rich_fructose_pulse\Oculyze_LAB004.csv
F1,DOE-LAB004-5,DOE-LAB004-5,5,False,2026-07-07 12:00:00,2026-07-07 12:00:00,2026-07-07 14:35:03,oculyze_description,2026-07-06 12:00:00,24.0,12.52,94.48,27.61,1062.0,19.3,0.3756,0.35486688,0.020733119999999994,D:\claud\Desktop\Universidad\Memoria\Model\pyomo-doe\fermentation_model\data\Laboratorio 2026\MBDoE_2026\DOE_Lote_2\DOE26-F04_F1_Lot2_synthetic_glucose_rich_fructose_pulse\Oculyze_LAB004.csv
F1,DOE-LAB004-6,DOE-LAB004-6,6,False,2026-07-07 15:00:00,2026-07-07 15:00:00,2026-07-07 15:29:57,oculyze_description,2026-07-06 12:00:00,27.0,15.09,94.66,25.95,1060.6,19.6,0.4527,0.42852582,0.02417417999999999,D:\claud\Desktop\Universidad\Memoria\Model\pyomo-doe\fermentation_model\data\Laboratorio 2026\MBDoE_2026\DOE_Lote_2\DOE26-F04_F1_Lot2_synthetic_glucose_rich_fructose_pulse\Oculyze_LAB004.csv
F1,DOE-LAB004-7,DOE-LAB004-7,7,False,2026-07-07 17:00:00,2026-07-07 17:00:00,2026-07-07 17:14:56,oculyze_description,2026-07-06 12:00:00,29.0,11.29,94.56,27.55,1056.5,21.6,0.33869999999999995,0.32027471999999996,0.01842527999999999,D:\claud\Desktop\Universidad\Memoria\Model\pyomo-doe\fermentation_model\data\Laboratorio 2026\MBDoE_2026\DOE_Lote_2\DOE26-F04_F1_Lot2_synthetic_glucose_rich_fructose_pulse\Oculyze_LAB004.csv
F1,DOE-LAB004-8,DOE-LAB004-8,8,False,2026-07-08 09:00:00,2026-07-08 09:00:00,2026-07-08 10:10:00,oculyze_description,2026-07-06 12:00:00,45.0,42.93,96.78,25.4,1048.0,20.1,1.2879,1.24642962,0.04147038000000003,D:\claud\Desktop\Universidad\Memoria\Model\pyomo-doe\fermentation_model\data\Laboratorio 2026\MBDoE_2026\DOE_Lote_2\DOE26-F04_F1_Lot2_synthetic_glucose_rich_fructose_pulse\Oculyze_LAB004.csv
F1,DOE-LAB004-9,DOE-LAB004-9,9,False,2026-07-08 14:30:00,2026-07-08 14:30:00,2026-07-08 14:48:39,oculyze_description,2026-07-06 12:00:00,50.5,49.08,97.34,26.29,1043.9,20.5,1.4724,1.43323416,0.039165839999999896,D:\claud\Desktop\Universidad\Memoria\Model\pyomo-doe\fermentation_model\data\Laboratorio 2026\MBDoE_2026\DOE_Lote_2\DOE26-F04_F1_Lot2_synthetic_glucose_rich_fructose_pulse\Oculyze_LAB004.csv
F1,DOE-LAB004-10,DOE-LAB004-10,10,False,2026-07-08 16:00:00,2026-07-08 16:00:00,2026-07-08 16:44:04,oculyze_description,2026-07-06 12:00:00,52.0,48.16,95.85,24.88,1042.5,20.9,1.4447999999999999,1.3848407999999999,0.05995919999999999,D:\claud\Desktop\Universidad\Memoria\Model\pyomo-doe\fermentation_model\data\Laboratorio 2026\MBDoE_2026\DOE_Lote_2\DOE26-F04_F1_Lot2_synthetic_glucose_rich_fructose_pulse\Oculyze_LAB004.csv
F1,DOE-LAB004-11,DOE-LAB004-11,11,False,2026-07-09 09:30:00,2026-07-09 09:30:00,2026-07-09 10:19:16,oculyze_description,2026-07-06 12:00:00,69.5,46.85,98.2,18.03,1026.0,21.8,1.4055,1.3802010000000002,0.02529899999999974,D:\claud\Desktop\Universidad\Memoria\Model\pyomo-doe\fermentation_model\data\Laboratorio 2026\MBDoE_2026\DOE_Lote_2\DOE26-F04_F1_Lot2_synthetic_glucose_rich_fructose_pulse\Oculyze_LAB004.csv
F1,DOE-LAB004-12,DOE-LAB004-12,12,False,2026-07-09 12:30:00,2026-07-09 12:30:00,2026-07-09 12:40:37,oculyze_description,2026-07-06 12:00:00,72.5,52.38,97.65,16.57,1043.4,21.1,1.5714,1.5344721000000001,0.03692789999999979,D:\claud\Desktop\Universidad\Memoria\Model\pyomo-doe\fermentation_model\data\Laboratorio 2026\MBDoE_2026\DOE_Lote_2\DOE26-F04_F1_Lot2_synthetic_glucose_rich_fructose_pulse\Oculyze_LAB004.csv
F1,DOE-LAB004-13,DOE-LAB004-13,13,False,2026-07-09 16:30:00,2026-07-09 16:30:00,2026-07-09 17:10:15,oculyze_description,2026-07-06 12:00:00,76.5,59.29,97.28,15.28,1035.1,21.7,1.7787,1.73031936,0.048380639999999975,D:\claud\Desktop\Universidad\Memoria\Model\pyomo-doe\fermentation_model\data\Laboratorio 2026\MBDoE_2026\DOE_Lote_2\DOE26-F04_F1_Lot2_synthetic_glucose_rich_fructose_pulse\Oculyze_LAB004.csv
F1,DOE-LAB004-14,DOE-LAB004-14,14,False,2026-07-10 09:30:00,2026-07-10 09:30:00,2026-07-10 10:00:20,oculyze_description,2026-07-06 12:00:00,93.5,47.24,96.91,9.92,1024.3,21.8,1.4172,1.37340852,0.043791480000000105,D:\claud\Desktop\Universidad\Memoria\Model\pyomo-doe\fermentation_model\data\Laboratorio 2026\MBDoE_2026\DOE_Lote_2\DOE26-F04_F1_Lot2_synthetic_glucose_rich_fructose_pulse\Oculyze_LAB004.csv
F1,DOE-LAB004-15,DOE-LAB004-15,15,False,2026-07-10 12:30:00,2026-07-10 12:30:00,2026-07-10 12:58:10,oculyze_description,2026-07-06 12:00:00,96.5,26.77,95.98,10.33,1022.2,21.9,0.8030999999999999,0.7708153799999999,0.032284619999999986,D:\claud\Desktop\Universidad\Memoria\Model\pyomo-doe\fermentation_model\data\Laboratorio 2026\MBDoE_2026\DOE_Lote_2\DOE26-F04_F1_Lot2_synthetic_glucose_rich_fructose_pulse\Oculyze_LAB004.csv
F1,DOE-LAB004-16,DOE-LAB004-16,16,False,2026-07-13 12:00:00,2026-07-13 12:00:00,2026-07-13 13:07:04,oculyze_description,2026-07-06 12:00:00,168.0,28.88,89.63,7.98,995.2,22.1,0.8664,0.7765543199999999,0.08984568000000004,D:\claud\Desktop\Universidad\Memoria\Model\pyomo-doe\fermentation_model\data\Laboratorio 2026\MBDoE_2026\DOE_Lote_2\DOE26-F04_F1_Lot2_synthetic_glucose_rich_fructose_pulse\Oculyze_LAB004.csv
F1,DOE-LAB004-17,DOE-LAB004-17,17,False,2026-07-13 12:00:00,2026-07-13 16:30:00,2026-07-13 17:49:14,duplicate_description_repaired_from_analysis_order,2026-07-06 12:00:00,172.5,27.57,87.74,6.13,994.0,22.5,0.8271,0.7256975399999999,0.10140246000000008,D:\claud\Desktop\Universidad\Memoria\Model\pyomo-doe\fermentation_model\data\Laboratorio 2026\MBDoE_2026\DOE_Lote_2\DOE26-F04_F1_Lot2_synthetic_glucose_rich_fructose_pulse\Oculyze_LAB004.csv
F1,DOE-LAB004-18,DOE-LAB004-18,18,False,2026-07-14 10:00:00,2026-07-14 10:00:00,2026-07-14 10:43:11,oculyze_description,2026-07-06 12:00:00,190.0,23.04,91.33,11.33,993.0,21.6,0.6911999999999999,0.63127296,0.05992703999999993,D:\claud\Desktop\Universidad\Memoria\Model\pyomo-doe\fermentation_model\data\Laboratorio 2026\MBDoE_2026\DOE_Lote_2\DOE26-F04_F1_Lot2_synthetic_glucose_rich_fructose_pulse\Oculyze_LAB004.csv
F2,DOE-LAB005-1,DOE-LAB005-1,1,False,2026-07-06 12:00:00,2026-07-06 12:00:00,2026-07-06 15:00:11,oculyze_description,2026-07-06 12:00:00,0.0,3.07,87.5,25.0,1087.3,20.5,0.09209999999999999,0.08058749999999998,0.011512500000000009,D:\claud\Desktop\Universidad\Memoria\Model\pyomo-doe\fermentation_model\data\Laboratorio 2026\MBDoE_2026\DOE_Lote_2\DOE26-F05_F2_Lot2_synthetic_lit_SM410_24C_highN_strip\Oculyze_LAB005.csv
F2,DOE-LAB005-3,DOE-LAB005-3,3,False,2026-07-06 16:30:00,2026-07-06 16:30:00,2026-07-06 16:57:57,oculyze_description,2026-07-06 12:00:00,4.5,4.92,64.06,21.88,1087.4,20.1,0.14759999999999998,0.09455255999999998,0.05304744,D:\claud\Desktop\Universidad\Memoria\Model\pyomo-doe\fermentation_model\data\Laboratorio 2026\MBDoE_2026\DOE_Lote_2\DOE26-F05_F2_Lot2_synthetic_lit_SM410_24C_highN_strip\Oculyze_LAB005.csv
F2,DOE-LAB005-4,DOE-LAB005-4,4,False,2026-07-07 09:00:00,2026-07-07 09:00:00,2026-07-07 08:40:49,oculyze_description,2026-07-06 12:00:00,21.0,8.95,93.99,27.04,1082.3,19.7,0.26849999999999996,0.2523631499999999,0.016136850000000036,D:\claud\Desktop\Universidad\Memoria\Model\pyomo-doe\fermentation_model\data\Laboratorio 2026\MBDoE_2026\DOE_Lote_2\DOE26-F05_F2_Lot2_synthetic_lit_SM410_24C_highN_strip\Oculyze_LAB005.csv
F2,DOE-LAB005-5,DOE-LAB005-5,5,False,2026-07-07 12:00:00,2026-07-07 12:00:00,2026-07-07 14:37:09,oculyze_description,2026-07-06 12:00:00,24.0,15.82,92.96,28.88,1080.2,20.7,0.47459999999999997,0.44118815999999994,0.033411840000000026,D:\claud\Desktop\Universidad\Memoria\Model\pyomo-doe\fermentation_model\data\Laboratorio 2026\MBDoE_2026\DOE_Lote_2\DOE26-F05_F2_Lot2_synthetic_lit_SM410_24C_highN_strip\Oculyze_LAB005.csv
F2,DOE-LAB005-6,DOE-LAB005-6,6,False,2026-07-07 15:00:00,2026-07-07 15:00:00,2026-07-07 15:32:37,oculyze_description,2026-07-06 12:00:00,27.0,20.39,97.93,34.27,1079.0,21.0,0.6117,0.5990378100000001,0.012662189999999907,D:\claud\Desktop\Universidad\Memoria\Model\pyomo-doe\fermentation_model\data\Laboratorio 2026\MBDoE_2026\DOE_Lote_2\DOE26-F05_F2_Lot2_synthetic_lit_SM410_24C_highN_strip\Oculyze_LAB005.csv
F2,DOE-LAB005-7,DOE-LAB005-7,7,False,2026-07-07 17:00:00,2026-07-07 17:00:00,2026-07-07 17:16:41,oculyze_description,2026-07-06 12:00:00,29.0,13.79,97.72,25.06,1077.4,20.6,0.41369999999999996,0.40426764,0.009432359999999973,D:\claud\Desktop\Universidad\Memoria\Model\pyomo-doe\fermentation_model\data\Laboratorio 2026\MBDoE_2026\DOE_Lote_2\DOE26-F05_F2_Lot2_synthetic_lit_SM410_24C_highN_strip\Oculyze_LAB005.csv
F2,DOE-LAB005-8,DOE-LAB005-8,8,False,2026-07-08 09:00:00,2026-07-08 09:00:00,2026-07-08 10:12:59,oculyze_description,2026-07-06 12:00:00,45.0,42.47,96.75,19.35,1062.6,20.6,1.2741,1.23269175,0.041408249999999924,D:\claud\Desktop\Universidad\Memoria\Model\pyomo-doe\fermentation_model\data\Laboratorio 2026\MBDoE_2026\DOE_Lote_2\DOE26-F05_F2_Lot2_synthetic_lit_SM410_24C_highN_strip\Oculyze_LAB005.csv
F2,DOE-LAB005-9,DOE-LAB005-1,9,True,2026-07-08 14:30:00,2026-07-08 14:30:00,2026-07-08 14:50:29,oculyze_description,2026-07-06 12:00:00,50.5,50.38,98.17,18.9,1057.1,20.6,1.5114,1.48374138,0.027658619999999967,D:\claud\Desktop\Universidad\Memoria\Model\pyomo-doe\fermentation_model\data\Laboratorio 2026\MBDoE_2026\DOE_Lote_2\DOE26-F05_F2_Lot2_synthetic_lit_SM410_24C_highN_strip\Oculyze_LAB005.csv
F2,DOE-LAB005-10,DOE-LAB005-10,10,False,2026-07-08 16:00:00,2026-07-08 16:00:00,2026-07-08 16:45:31,oculyze_description,2026-07-06 12:00:00,52.0,52.61,99.12,21.17,1056.0,20.7,1.5782999999999998,1.5644109599999998,0.01388904000000002,D:\claud\Desktop\Universidad\Memoria\Model\pyomo-doe\fermentation_model\data\Laboratorio 2026\MBDoE_2026\DOE_Lote_2\DOE26-F05_F2_Lot2_synthetic_lit_SM410_24C_highN_strip\Oculyze_LAB005.csv
F2,DOE-LAB005-11,DOE-LAB005-11,11,False,2026-07-09 09:30:00,2026-07-09 09:30:00,2026-07-09 10:20:46,oculyze_description,2026-07-06 12:00:00,69.5,47.93,99.04,15.38,1040.5,21.3,1.4379,1.42409616,0.013803840000000012,D:\claud\Desktop\Universidad\Memoria\Model\pyomo-doe\fermentation_model\data\Laboratorio 2026\MBDoE_2026\DOE_Lote_2\DOE26-F05_F2_Lot2_synthetic_lit_SM410_24C_highN_strip\Oculyze_LAB005.csv
F2,DOE-LAB005-12,DOE-LAB005-12,12,False,2026-07-09 12:30:00,2026-07-09 12:30:00,2026-07-09 12:42:57,oculyze_description,2026-07-06 12:00:00,72.5,50.77,98.18,11.2,1040.1,20.8,1.5231000000000001,1.4953795800000003,0.027720419999999857,D:\claud\Desktop\Universidad\Memoria\Model\pyomo-doe\fermentation_model\data\Laboratorio 2026\MBDoE_2026\DOE_Lote_2\DOE26-F05_F2_Lot2_synthetic_lit_SM410_24C_highN_strip\Oculyze_LAB005.csv
F2,DOE-LAB005-13,DOE-LAB005-13,13,False,2026-07-09 16:30:00,2026-07-09 16:30:00,2026-07-09 17:12:44,oculyze_description,2026-07-06 12:00:00,76.5,57.22,98.39,10.74,1035.9,22.4,1.7166,1.68896274,0.027637259999999886,D:\claud\Desktop\Universidad\Memoria\Model\pyomo-doe\fermentation_model\data\Laboratorio 2026\MBDoE_2026\DOE_Lote_2\DOE26-F05_F2_Lot2_synthetic_lit_SM410_24C_highN_strip\Oculyze_LAB005.csv
F2,DOE-LAB005-14,DOE-LAB005-14,14,False,2026-07-10 09:30:00,2026-07-10 09:30:00,2026-07-10 10:03:28,oculyze_description,2026-07-06 12:00:00,93.5,27.73,98.61,9.42,1022.8,22.3,0.8319,0.82033659,0.01156340999999994,D:\claud\Desktop\Universidad\Memoria\Model\pyomo-doe\fermentation_model\data\Laboratorio 2026\MBDoE_2026\DOE_Lote_2\DOE26-F05_F2_Lot2_synthetic_lit_SM410_24C_highN_strip\Oculyze_LAB005.csv
F2,DOE-LAB005-15,DOE-LAB005-15,15,False,2026-07-10 12:30:00,2026-07-10 12:30:00,2026-07-10 13:01:43,oculyze_description,2026-07-06 12:00:00,96.5,51.84,97.93,9.48,1021.2,22.2,1.5552000000000001,1.5230073600000003,0.032192639999999884,D:\claud\Desktop\Universidad\Memoria\Model\pyomo-doe\fermentation_model\data\Laboratorio 2026\MBDoE_2026\DOE_Lote_2\DOE26-F05_F2_Lot2_synthetic_lit_SM410_24C_highN_strip\Oculyze_LAB005.csv
F2,DOE-LAB005-16,DOE-LAB005-16,16,False,2026-07-13 12:00:00,2026-07-13 12:00:00,2026-07-13 13:09:07,oculyze_description,2026-07-06 12:00:00,168.0,33.56,93.14,8.7,996.8,21.6,1.0068000000000001,0.9377335200000002,0.06906647999999993,D:\claud\Desktop\Universidad\Memoria\Model\pyomo-doe\fermentation_model\data\Laboratorio 2026\MBDoE_2026\DOE_Lote_2\DOE26-F05_F2_Lot2_synthetic_lit_SM410_24C_highN_strip\Oculyze_LAB005.csv
F2,DOE-LAB005-17,DOE-LAB005-17,17,False,2026-07-13 12:00:00,2026-07-13 16:30:00,2026-07-13 17:50:41,duplicate_description_repaired_from_analysis_order,2026-07-06 12:00:00,172.5,35.18,97.16,6.11,995.3,22.3,1.0554,1.0254266399999998,0.02997336000000006,D:\claud\Desktop\Universidad\Memoria\Model\pyomo-doe\fermentation_model\data\Laboratorio 2026\MBDoE_2026\DOE_Lote_2\DOE26-F05_F2_Lot2_synthetic_lit_SM410_24C_highN_strip\Oculyze_LAB005.csv
F2,DOE-LAB005-18,DOE-LAB005-18,18,False,2026-07-14 10:00:00,2026-07-14 10:00:00,2026-07-14 10:44:48,oculyze_description,2026-07-06 12:00:00,190.0,32.8,97.66,8.67,993.6,21.6,0.9839999999999999,0.9609743999999998,0.02302560000000009,D:\claud\Desktop\Universidad\Memoria\Model\pyomo-doe\fermentation_model\data\Laboratorio 2026\MBDoE_2026\DOE_Lote_2\DOE26-F05_F2_Lot2_synthetic_lit_SM410_24C_highN_strip\Oculyze_LAB005.csv
F3,DOE-LAB006-1,DOE-LAB006-1,1,False,2026-07-06 12:00:00,2026-07-06 12:00:00,2026-07-06 15:02:18,oculyze_description,2026-07-06 12:00:00,0.0,4.11,63.55,14.95,1064.9,20.3,0.1233,0.07835715,0.044942850000000006,D:\claud\Desktop\Universidad\Memoria\Model\pyomo-doe\fermentation_model\data\Laboratorio 2026\MBDoE_2026\DOE_Lote_2\DOE26-F06_F3_Lot2_synthetic_viable_biomass_step\Oculyze_LAB006.csv
F3,DOE-LAB006-3,DOE-LAB006-3,3,False,2026-07-06 16:30:00,2026-07-06 16:30:00,2026-07-06 16:59:34,oculyze_description,2026-07-06 12:00:00,4.5,5.49,81.12,12.59,1064.9,19.6,0.1647,0.13360464000000002,0.03109535999999999,D:\claud\Desktop\Universidad\Memoria\Model\pyomo-doe\fermentation_model\data\Laboratorio 2026\MBDoE_2026\DOE_Lote_2\DOE26-F06_F3_Lot2_synthetic_viable_biomass_step\Oculyze_LAB006.csv
F3,DOE-LAB006-4,DOE-LAB006-4,4,False,2026-07-07 09:00:00,2026-07-07 09:00:00,2026-07-07 08:43:04,oculyze_description,2026-07-06 12:00:00,21.0,8.26,96.28,31.16,1061.5,19.9,0.2478,0.23858184,0.009218160000000003,D:\claud\Desktop\Universidad\Memoria\Model\pyomo-doe\fermentation_model\data\Laboratorio 2026\MBDoE_2026\DOE_Lote_2\DOE26-F06_F3_Lot2_synthetic_viable_biomass_step\Oculyze_LAB006.csv
F3,DOE-LAB006-5,DOE-LAB006-5,5,False,2026-07-07 12:00:00,2026-07-07 12:00:00,2026-07-07 14:39:22,oculyze_description,2026-07-06 12:00:00,24.0,17.55,95.4,29.98,1059.7,19.8,0.5265,0.502281,0.02421899999999999,D:\claud\Desktop\Universidad\Memoria\Model\pyomo-doe\fermentation_model\data\Laboratorio 2026\MBDoE_2026\DOE_Lote_2\DOE26-F06_F3_Lot2_synthetic_viable_biomass_step\Oculyze_LAB006.csv
F3,DOE-LAB006-6,DOE-LAB006-6,6,False,2026-07-07 15:00:00,2026-07-07 15:00:00,2026-07-07 15:34:42,oculyze_description,2026-07-06 12:00:00,27.0,12.71,95.6,28.3,1059.1,19.7,0.38130000000000003,0.36452280000000004,0.016777199999999992,D:\claud\Desktop\Universidad\Memoria\Model\pyomo-doe\fermentation_model\data\Laboratorio 2026\MBDoE_2026\DOE_Lote_2\DOE26-F06_F3_Lot2_synthetic_viable_biomass_step\Oculyze_LAB006.csv
F3,DOE-LAB006-7,DOE-LAB006-7,7,False,2026-07-07 17:00:00,2026-07-07 17:00:00,2026-07-07 17:18:11,oculyze_description,2026-07-06 12:00:00,29.0,14.48,98.41,32.63,1057.8,19.2,0.4344,0.42749304000000005,0.006906959999999962,D:\claud\Desktop\Universidad\Memoria\Model\pyomo-doe\fermentation_model\data\Laboratorio 2026\MBDoE_2026\DOE_Lote_2\DOE26-F06_F3_Lot2_synthetic_viable_biomass_step\Oculyze_LAB006.csv
F3,DOE-LAB006-8,DOE-LAB006-8,8,False,2026-07-08 09:00:00,2026-07-08 09:00:00,2026-07-08 10:14:36,oculyze_description,2026-07-06 12:00:00,45.0,37.17,98.35,29.34,1046.6,19.9,1.1151,1.09670085,0.01839915000000003,D:\claud\Desktop\Universidad\Memoria\Model\pyomo-doe\fermentation_model\data\Laboratorio 2026\MBDoE_2026\DOE_Lote_2\DOE26-F06_F3_Lot2_synthetic_viable_biomass_step\Oculyze_LAB006.csv
F3,DOE-LAB006-9,DOE-LAB006-9,9,False,2026-07-08 14:30:00,2026-07-08 14:30:00,2026-07-08 14:53:43,oculyze_description,2026-07-06 12:00:00,50.5,87.4,99.12,21.53,1041.7,20.7,2.622,2.5989264000000003,0.023073599999999583,D:\claud\Desktop\Universidad\Memoria\Model\pyomo-doe\fermentation_model\data\Laboratorio 2026\MBDoE_2026\DOE_Lote_2\DOE26-F06_F3_Lot2_synthetic_viable_biomass_step\Oculyze_LAB006.csv
F3,DOE-LAB006-10,DOE-LAB006-10,10,False,2026-07-08 16:00:00,2026-07-08 16:00:00,2026-07-08 16:46:42,oculyze_description,2026-07-06 12:00:00,52.0,82.95,98.8,18.8,1039.9,21.0,2.4885,2.458638,0.029862000000000055,D:\claud\Desktop\Universidad\Memoria\Model\pyomo-doe\fermentation_model\data\Laboratorio 2026\MBDoE_2026\DOE_Lote_2\DOE26-F06_F3_Lot2_synthetic_viable_biomass_step\Oculyze_LAB006.csv
F3,DOE-LAB006-11,DOE-LAB006-11,11,False,2026-07-09 09:30:00,2026-07-09 09:30:00,2026-07-09 10:22:15,oculyze_description,2026-07-06 12:00:00,69.5,47.5,98.63,14.47,1019.9,21.3,1.425,1.4054775000000002,0.019522499999999887,D:\claud\Desktop\Universidad\Memoria\Model\pyomo-doe\fermentation_model\data\Laboratorio 2026\MBDoE_2026\DOE_Lote_2\DOE26-F06_F3_Lot2_synthetic_viable_biomass_step\Oculyze_LAB006.csv
F3,DOE-LAB006-12,DOE-LAB006-12,12,False,2026-07-09 12:30:00,2026-07-09 12:30:00,2026-07-09 12:44:34,oculyze_description,2026-07-06 12:00:00,72.5,96.47,99.12,11.78,1019.0,22.5,2.8941,2.8686319200000003,0.02546807999999956,D:\claud\Desktop\Universidad\Memoria\Model\pyomo-doe\fermentation_model\data\Laboratorio 2026\MBDoE_2026\DOE_Lote_2\DOE26-F06_F3_Lot2_synthetic_viable_biomass_step\Oculyze_LAB006.csv
F3,DOE-LAB006-13,DOE-LAB006-13,13,False,2026-07-09 16:30:00,2026-07-09 16:30:00,2026-07-09 17:13:58,oculyze_description,2026-07-06 12:00:00,76.5,100.38,99.23,10.79,1014.3,22.2,3.0113999999999996,2.98821222,0.02318777999999977,D:\claud\Desktop\Universidad\Memoria\Model\pyomo-doe\fermentation_model\data\Laboratorio 2026\MBDoE_2026\DOE_Lote_2\DOE26-F06_F3_Lot2_synthetic_viable_biomass_step\Oculyze_LAB006.csv
F3,DOE-LAB006-14,DOE-LAB006-14,14,False,2026-07-10 09:30:00,2026-07-10 09:30:00,2026-07-10 10:06:56,oculyze_description,2026-07-06 12:00:00,93.5,87.1,99.12,9.26,1001.5,21.6,2.6129999999999995,2.5900055999999996,0.02299439999999997,D:\claud\Desktop\Universidad\Memoria\Model\pyomo-doe\fermentation_model\data\Laboratorio 2026\MBDoE_2026\DOE_Lote_2\DOE26-F06_F3_Lot2_synthetic_viable_biomass_step\Oculyze_LAB006.csv
F3,DOE-LAB006-15,DOE-LAB006-5,15,True,2026-07-10 12:30:00,2026-07-10 12:30:00,2026-07-10 13:03:08,oculyze_description,2026-07-06 12:00:00,96.5,89.94,98.63,12.38,1000.6,22.0,2.6982,2.66123466,0.03696534000000007,D:\claud\Desktop\Universidad\Memoria\Model\pyomo-doe\fermentation_model\data\Laboratorio 2026\MBDoE_2026\DOE_Lote_2\DOE26-F06_F3_Lot2_synthetic_viable_biomass_step\Oculyze_LAB006.csv
F3,DOE-LAB006-16,DOE-LAB006-16,16,False,2026-07-13 12:00:00,2026-07-13 12:00:00,2026-07-13 13:10:40,oculyze_description,2026-07-06 12:00:00,168.0,25.27,90.88,3.95,990.6,20.8,0.7581,0.6889612799999999,0.0691387200000001,D:\claud\Desktop\Universidad\Memoria\Model\pyomo-doe\fermentation_model\data\Laboratorio 2026\MBDoE_2026\DOE_Lote_2\DOE26-F06_F3_Lot2_synthetic_viable_biomass_step\Oculyze_LAB006.csv
