parameter,variant,scope,level,state,theta_full_value,replacement_value,n_observations,wsse,weighted_rmse_sigma_units,delta_wsse_vs_theta_full,trajectory_change_rms_sigma,joint_six_parameter_change_rms_sigma,fraction_of_joint_trajectory_change
sN,theta_full_with_sN_from_theta_incomplete_defaults,historical calibration replay,state,E,8.751445870938538,18.0,44,1718.18377891232,6.248970422310892,-9.082524544066928,0.07264705964417896,5.2408734570302276,0.013861632080951798
sN,theta_full_with_sN_from_theta_incomplete_defaults,historical calibration replay,state,F,8.751445870938538,18.0,91,1899.2766935446855,4.568497833701468,-18.301531240451368,0.0807591919189425,6.363767057694108,0.012690469526426279
sN,theta_full_with_sN_from_theta_incomplete_defaults,historical calibration replay,state,G,8.751445870938538,18.0,91,1818.239002624417,4.469971854552118,-18.498899815255072,0.08928055131312061,0.9397413212282116,0.09500545447595495
sN,theta_full_with_sN_from_theta_incomplete_defaults,historical calibration replay,state,Gly,8.751445870938538,18.0,91,781.3875905650351,2.930303195813701,-5.887805844986701,0.04148093122798647,0.4698360431500712,0.08828809929070718
sN,theta_full_with_sN_from_theta_incomplete_defaults,historical calibration replay,state,N,8.751445870938538,18.0,91,1590.9807524108132,4.181304218966542,69.85751956377294,0.2266533069207184,0.2266532958327588,1.0000000489203544
sN,theta_full_with_sN_from_theta_incomplete_defaults,historical calibration replay,state,X,8.751445870938538,18.0,100,3580.6640966488962,5.983865052496502,19.968170991390252,0.13085713551532024,0.15978224843312733,0.8189716742538334
sN,theta_full_with_sN_from_theta_incomplete_defaults,historical calibration replay,state,Xd,8.751445870938538,18.0,100,321.3639223129933,1.7926626071656464,-0.043911411815088286,0.0014023341144736082,0.2537924947693607,0.005525514518260317
sN,theta_full_with_sN_from_theta_incomplete_defaults,historical calibration replay,global,GLOBAL,8.751445870938538,18.0,608,11710.095837019158,4.388624619140817,38.01101769858542,0.11538726321367702,2.8699706275113384,0.04020503279984219
sN,theta_full_with_sN_from_theta_incomplete_defaults,external holdout,state,F,8.751445870938538,18.0,21,398.7158744271428,4.357346693897139,8.963041538000766,0.050416453124278046,2.044029846675243,0.02466522355643873
sN,theta_full_with_sN_from_theta_incomplete_defaults,external holdout,state,G,8.751445870938538,18.0,21,1254.1273651747363,7.727894326568298,21.650116467300677,0.06838447133524364,0.2472693991165411,0.2765585696393155
sN,theta_full_with_sN_from_theta_incomplete_defaults,external holdout,state,Gly,8.751445870938538,18.0,21,250.97659216728198,3.4570603543589016,4.5241898927366435,0.03177056216883551,0.14909610786665212,0.213087803722216
sN,theta_full_with_sN_from_theta_incomplete_defaults,external holdout,state,N,8.751445870938538,18.0,21,1262.316969830386,7.753085314678605,23.55746547556373,0.14504256482722208,0.14504275117815207,0.9999987151999774
sN,theta_full_with_sN_from_theta_incomplete_defaults,external holdout,state,X,8.751445870938538,18.0,24,1492.1619850416444,7.885012114347184,39.38950590882564,0.14778442295774313,0.14778457035701895,0.9999990026071365
sN,theta_full_with_sN_from_theta_incomplete_defaults,external holdout,state,Xd,8.751445870938538,18.0,24,16.936255840495747,0.8400460265290961,0.0,0.0,0.0,
sN,theta_full_with_sN_from_theta_incomplete_defaults,external holdout,global,GLOBAL,8.751445870938538,18.0,132,4675.235042481688,5.951339957650541,98.08431928242771,0.09288025864654219,0.827811912735064,0.11219971254058037
qXG,theta_full_with_qXG_from_theta_incomplete_defaults,historical calibration replay,state,E,0.0814909864046577,0.1125,44,1730.6777336003884,6.271649293013304,3.4114301440015424,0.03874878448911424,5.2408734570302276,0.007393573763383989
qXG,theta_full_with_qXG_from_theta_incomplete_defaults,historical calibration replay,state,F,0.0814909864046577,0.1125,91,1912.1464395491396,4.583950069187462,-5.431785235997268,0.05660643473899567,6.363767057694108,0.008895114202924145
qXG,theta_full_with_qXG_from_theta_incomplete_defaults,historical calibration replay,state,G,0.0814909864046577,0.1125,91,1830.573139974245,4.48510739574487,-6.164762465427202,0.09837577829728088,0.9397413212282116,0.10468389127415074
qXG,theta_full_with_qXG_from_theta_incomplete_defaults,historical calibration replay,state,Gly,0.0814909864046577,0.1125,91,787.0078139901846,2.940822591788844,-0.26758241983725384,0.041930535934481164,0.4698360431500712,0.08924503887218387
qXG,theta_full_with_qXG_from_theta_incomplete_defaults,historical calibration replay,state,N,0.0814909864046577,0.1125,91,1521.1232640106882,4.088476521132746,3.1163647918219795e-05,1.2433609934766899e-07,0.2266532958327588,5.485739745845705e-07
qXG,theta_full_with_qXG_from_theta_incomplete_defaults,historical calibration replay,state,X,0.0814909864046577,0.1125,100,3560.649518667688,5.967117829126293,-0.04640698981802416,0.0003698957431031062,0.15978224843312733,0.002314998985997599
qXG,theta_full_with_qXG_from_theta_incomplete_defaults,historical calibration replay,state,Xd,0.0814909864046577,0.1125,100,321.3318380096235,1.792573117085112,-0.07599571518488801,0.0008930518841408506,0.2537924947693607,0.003518827004527578
qXG,theta_full_with_qXG_from_theta_incomplete_defaults,historical calibration replay,global,GLOBAL,0.0814909864046577,0.1125,608,11663.509747801956,4.379886321637097,-8.575071518616824,0.04795867496148213,2.8699706275113384,0.016710510728490953
qXG,theta_full_with_qXG_from_theta_incomplete_defaults,external holdout,state,F,0.0814909864046577,0.1125,21,392.91788515248027,4.325549153974722,3.165052263338225,0.018059526197656633,2.044029846675243,0.008835255623606335
qXG,theta_full_with_qXG_from_theta_incomplete_defaults,external holdout,state,G,0.0814909864046577,0.1125,21,1259.7770723839114,7.745281428020151,27.299823676475853,0.08540811548518507,0.2472693991165411,0.34540511600034735
qXG,theta_full_with_qXG_from_theta_incomplete_defaults,external holdout,state,Gly,0.0814909864046577,0.1125,21,246.03596793144354,3.422864074561811,-0.4164343431017983,0.003198457558417136,0.14909610786665212,0.02145232095044196
qXG,theta_full_with_qXG_from_theta_incomplete_defaults,external holdout,state,N,0.0814909864046577,0.1125,21,1238.7594954017982,7.680400210932086,-8.953024007496424e-06,5.868375157602069e-08,0.14504275117815207,4.0459623869062595e-07
qXG,theta_full_with_qXG_from_theta_incomplete_defaults,external holdout,state,X,0.0814909864046577,0.1125,24,1452.772464841954,7.7802433146452055,-1.4290864783106372e-05,5.986504203234376e-08,0.14778457035701895,4.0508316861307914e-07
qXG,theta_full_with_qXG_from_theta_incomplete_defaults,external holdout,state,Xd,0.0814909864046577,0.1125,24,16.936255840495747,0.8400460265290961,0.0,0.0,0.0,
qXG,theta_full_with_qXG_from_theta_incomplete_defaults,external holdout,global,GLOBAL,0.0814909864046577,0.1125,132,4607.199141552084,5.907878113133091,30.04841835282423,0.03484265269354946,0.827811912735064,0.04209005953832007
qXF,theta_full_with_qXF_from_theta_incomplete_defaults,historical calibration replay,state,E,0.0709327065015376,0.1125,44,1734.03772695304,6.277734331734804,6.771423496653142,0.11071726529413017,5.2408734570302276,0.021125727648625345
qXF,theta_full_with_qXF_from_theta_incomplete_defaults,historical calibration replay,state,F,0.0709327065015376,0.1125,91,1905.5237774324821,4.57600499672228,-12.054447352654734,0.14413126496331904,6.363767057694108,0.022648733628465742
qXF,theta_full_with_qXF_from_theta_incomplete_defaults,historical calibration replay,state,G,0.0709327065015376,0.1125,91,1836.4962939596426,4.492357727919769,-0.24160848002952662,0.0037829558247540556,0.9397413212282116,0.004025528876191007
qXF,theta_full_with_qXF_from_theta_incomplete_defaults,historical calibration replay,state,Gly,0.0709327065015376,0.1125,91,787.2335378974914,2.941244294320608,-0.04185851253043893,0.0014233672000640695,0.4698360431500712,0.0030294976743821867
qXF,theta_full_with_qXF_from_theta_incomplete_defaults,historical calibration replay,state,N,0.0709327065015376,0.1125,91,1521.1232300519373,4.088476475495564,-2.7951030006079236e-06,1.16742894067904e-08,0.2266532958327588,5.150725633129348e-08
qXF,theta_full_with_qXF_from_theta_incomplete_defaults,historical calibration replay,state,X,0.0709327065015376,0.1125,100,3561.360126982455,5.967713236225795,0.6642013249488627,0.0025605481282959057,0.15978224843312733,0.01602523530245324
qXF,theta_full_with_qXF_from_theta_incomplete_defaults,historical calibration replay,state,Xd,0.0709327065015376,0.1125,100,321.11697265053175,1.791973695818473,-0.29086107427662,0.006081995723061172,0.2537924947693607,0.023964442796420415
qXF,theta_full_with_qXF_from_theta_incomplete_defaults,historical calibration replay,global,GLOBAL,0.0709327065015376,0.1125,608,11666.89166592758,4.380521265306441,-5.193153392992826,0.06329266912946044,2.8699706275113384,0.022053420520315198
qXF,theta_full_with_qXF_from_theta_incomplete_defaults,external holdout,state,F,0.0709327065015376,0.1125,21,410.6493047781779,4.422072907467815,20.896471889035865,0.11862274618632766,2.044029846675243,0.05803376422280518
qXF,theta_full_with_qXF_from_theta_incomplete_defaults,external holdout,state,G,0.0709327065015376,0.1125,21,1232.7751889793672,7.661826180982502,0.2979402719315658,0.001012243057475803,0.2472693991165411,0.0040936851106218785
qXF,theta_full_with_qXF_from_theta_incomplete_defaults,external holdout,state,Gly,0.0709327065015376,0.1125,21,246.50377407425165,3.4261165998717478,0.05137179970631678,0.00039492848095592196,0.14909610786665212,0.0026488181791380918
qXF,theta_full_with_qXF_from_theta_incomplete_defaults,external holdout,state,N,0.0709327065015376,0.1125,21,1238.759507352324,7.680400247979156,2.9975017241667956e-06,1.9745746788620803e-08,0.14504275117815207,1.3613742588464582e-07
qXF,theta_full_with_qXF_from_theta_incomplete_defaults,external holdout,state,X,0.0709327065015376,0.1125,24,1452.7724839019756,7.780243365682656,4.769156930706231e-06,2.0143792926089975e-08,0.14778457035701895,1.3630511546250373e-07
qXF,theta_full_with_qXF_from_theta_incomplete_defaults,external holdout,state,Xd,0.0709327065015376,0.1125,24,16.936255840495747,0.8400460265290961,0.0,0.0,0.0,
qXF,theta_full_with_qXF_from_theta_incomplete_defaults,external holdout,global,GLOBAL,0.0709327065015376,0.1125,132,4598.396514926592,5.902231546990711,21.24579172733229,0.047316092693206954,0.827811912735064,0.057158023417271324
sG,theta_full_with_sG_from_theta_incomplete_defaults,historical calibration replay,state,E,0.0974550987386739,0.03,44,1729.216805605274,6.269001670567205,1.9505021488871535,1.0331810630556202,5.2408734570302276,0.1971390974284425
sG,theta_full_with_sG_from_theta_incomplete_defaults,historical calibration replay,state,F,0.0974550987386739,0.03,91,2077.1542596084482,4.777642827243182,159.57603482331137,0.9353914855861974,6.363767057694108,0.146987071824897
sG,theta_full_with_sG_from_theta_incomplete_defaults,historical calibration replay,state,G,0.0974550987386739,0.03,91,2253.94127778259,4.976804745028516,417.203375342918,2.029587055154414,0.9397413212282116,2.15972950141408
sG,theta_full_with_sG_from_theta_incomplete_defaults,historical calibration replay,state,Gly,0.0974550987386739,0.03,91,898.9655402243769,3.1430466430309107,111.69014381435511,0.9962903242291369,0.4698360431500712,2.120506373988234
sG,theta_full_with_sG_from_theta_incomplete_defaults,historical calibration replay,state,N,0.0974550987386739,0.03,91,1521.1231355435616,4.0884763484857105,-9.730347869663092e-05,4.3535337158618914e-07,0.2266532958327588,1.920789944777262e-06
sG,theta_full_with_sG_from_theta_incomplete_defaults,historical calibration replay,state,X,0.0974550987386739,0.03,100,3572.8667091111843,5.977346157879084,12.170783453678268,0.037527671580423555,0.15978224843312733,0.2348675897881721
sG,theta_full_with_sG_from_theta_incomplete_defaults,historical calibration replay,state,Xd,0.0974550987386739,0.03,100,320.9195236443752,1.7914226850310209,-0.48831008043316615,0.0729392564511896,0.2537924947693607,0.2873972160503591
sG,theta_full_with_sG_from_theta_incomplete_defaults,historical calibration replay,global,GLOBAL,0.0974550987386739,0.03,608,12374.187251519812,4.5113503148928595,702.102432199239,0.9871191564186292,2.8699706275113384,0.34394747700766476
sG,theta_full_with_sG_from_theta_incomplete_defaults,external holdout,state,F,0.0974550987386739,0.03,21,372.225667095559,4.21011065964485,-17.527165793583038,0.10432859468327518,2.044029846675243,0.051040641531224666
sG,theta_full_with_sG_from_theta_incomplete_defaults,external holdout,state,G,0.0974550987386739,0.03,21,935.0306285787631,6.672725682025311,-297.4466201286725,1.0003471037913922,0.2472693991165411,4.045575826873411
sG,theta_full_with_sG_from_theta_incomplete_defaults,external holdout,state,Gly,0.0974550987386739,0.03,21,182.53799449816884,2.94826821240771,-63.91440777637649,0.4829792734185346,0.14909610786665212,3.239382169858514
sG,theta_full_with_sG_from_theta_incomplete_defaults,external holdout,state,N,0.0974550987386739,0.03,21,1238.759526426747,7.68040030711057,2.2071924831834622e-05,3.568946184688546e-07,0.14504275117815207,2.460616718656216e-06
sG,theta_full_with_sG_from_theta_incomplete_defaults,external holdout,state,X,0.0974550987386739,0.03,24,1452.7725062712752,7.780243425581435,2.713845651669544e-05,3.5698333296716713e-07,0.14778457035701895,2.4155656582061606e-06
sG,theta_full_with_sG_from_theta_incomplete_defaults,external holdout,state,Xd,0.0974550987386739,0.03,24,16.936255840495747,0.8400460265290961,0.0,0.0,0.0,
sG,theta_full_with_sG_from_theta_incomplete_defaults,external holdout,global,GLOBAL,0.0974550987386739,0.03,132,4198.262578711009,5.639593915849745,-378.8881444882509,0.4450213053120469,0.827811912735064,0.5375874621587781
sF,theta_full_with_sF_from_theta_incomplete_defaults,historical calibration replay,state,E,0.1782952055176543,0.03,44,2509.881295354957,7.552665536922223,782.61499189857,4.133273593869562,5.2408734570302276,0.7886612084337
sF,theta_full_with_sF_from_theta_incomplete_defaults,historical calibration replay,state,F,0.1782952055176543,0.03,91,5054.832962830817,7.4530272357051555,3137.254738045681,5.447114321410065,6.363767057694108,0.8559575283045967
sF,theta_full_with_sF_from_theta_incomplete_defaults,historical calibration replay,state,G,0.1782952055176543,0.03,91,1920.4233366478736,4.5938603755421905,83.68543420820151,0.9889592614238792,0.9397413212282116,1.0523739236360719
sF,theta_full_with_sF_from_theta_incomplete_defaults,historical calibration replay,state,Gly,0.1782952055176543,0.03,91,809.3427510697895,2.982260281293754,22.067354659767716,0.48877480532284995,0.4698360431500712,1.0403093003376276
sF,theta_full_with_sF_from_theta_incomplete_defaults,historical calibration replay,state,N,0.1782952055176543,0.03,91,1521.1230927249892,4.088476290941808,-0.0001401220511070278,7.827708855428198e-07,0.2266532958327588,3.453604690224336e-06
sF,theta_full_with_sF_from_theta_incomplete_defaults,historical calibration replay,state,X,0.1782952055176543,0.03,100,3577.515946467593,5.981233941644143,16.820020810087044,0.08812593527727784,0.15978224843312733,0.5515377092353325
sF,theta_full_with_sF_from_theta_incomplete_defaults,historical calibration replay,state,Xd,0.1782952055176543,0.03,100,313.06545167332456,1.7693655689916783,-8.34238205148381,0.24075496316583936,0.2537924947693607,0.9486291680320591
sF,theta_full_with_sF_from_theta_incomplete_defaults,historical calibration replay,global,GLOBAL,0.1782952055176543,0.03,608,15706.184836769346,5.082572267066114,4034.1000174487726,2.4228470994608164,2.8699706275113384,0.8442062355048421
sF,theta_full_with_sF_from_theta_incomplete_defaults,external holdout,state,F,0.1782952055176543,0.03,21,109.12923106593472,2.279611820191937,-280.6236018232073,2.087821692984053,2.044029846675243,1.0214242695037163
sF,theta_full_with_sF_from_theta_incomplete_defaults,external holdout,state,G,0.1782952055176543,0.03,21,1471.7214948953258,8.371497831773981,239.2442461878902,0.7318895955243858,0.2472693991165411,2.9598874674315736
sF,theta_full_with_sF_from_theta_incomplete_defaults,external holdout,state,Gly,0.1782952055176543,0.03,21,298.32362541877427,3.7690697691477584,51.871223144228935,0.3543350330227773,0.14909610786665212,2.376554546545815
sF,theta_full_with_sF_from_theta_incomplete_defaults,external holdout,state,N,0.1782952055176543,0.03,21,1238.7594449088197,7.680400054401989,-5.9446002524055075e-05,1.5167712281184955e-06,0.14504275117815207,1.0457408011073139e-05
sF,theta_full_with_sF_from_theta_incomplete_defaults,external holdout,state,X,0.1782952055176543,0.03,24,1452.772339993688,7.780242980336175,-0.000139139130624244,1.518323250288517e-06,0.14778457035701895,1.027389562131244e-05
sF,theta_full_with_sF_from_theta_incomplete_defaults,external holdout,state,Xd,0.1782952055176543,0.03,24,16.936255840495747,0.8400460265290961,0.0,0.0,0.0,
sF,theta_full_with_sF_from_theta_incomplete_defaults,external holdout,global,GLOBAL,0.1782952055176543,0.03,132,4587.642392123038,5.895325827042362,10.49166892377798,0.8936837174601188,0.827811912735064,1.0795733954919982
m0,theta_full_with_m0_from_theta_incomplete_defaults,historical calibration replay,state,E,0.0183385793928771,0.01,44,1718.230959073586,6.24905621796674,-9.035344382800758,0.19612568145644466,5.2408734570302276,0.03742232722550421
m0,theta_full_with_m0_from_theta_incomplete_defaults,historical calibration replay,state,F,0.0183385793928771,0.01,91,1928.9344558349787,4.604028880475503,11.356231049841881,0.13903354434637066,6.363767057694108,0.021847679697557795
m0,theta_full_with_m0_from_theta_incomplete_defaults,historical calibration replay,state,G,0.0183385793928771,0.01,91,1839.073859548992,4.495509187198568,2.3359571093199065,0.06106550831467753,0.9397413212282116,0.06498118890299182
m0,theta_full_with_m0_from_theta_incomplete_defaults,historical calibration replay,state,Gly,0.0183385793928771,0.01,91,787.9071736858702,2.942502436694763,0.6317772758484352,0.035351349972931004,0.4698360431500712,0.0752418859479441
m0,theta_full_with_m0_from_theta_incomplete_defaults,historical calibration replay,state,N,0.0183385793928771,0.01,91,1521.1232309859636,4.088476476750802,-1.8610767256177496e-06,7.547518167282683e-09,0.2266532958327588,3.3299838590707227e-08
m0,theta_full_with_m0_from_theta_incomplete_defaults,historical calibration replay,state,X,0.0183385793928771,0.01,100,3560.087976065396,5.966647279725353,-0.6079495921098896,0.0030612268509768795,0.15978224843312733,0.01915874185647147
m0,theta_full_with_m0_from_theta_incomplete_defaults,historical calibration replay,state,Xd,0.0183385793928771,0.01,100,321.95843381017886,1.7943200210948405,0.5506000853704904,0.008360688417343805,0.2537924947693607,0.032943008913410766
m0,theta_full_with_m0_from_theta_incomplete_defaults,historical calibration replay,global,GLOBAL,0.0183385793928771,0.01,608,11677.316089004966,4.382477836623365,5.231269684392828,0.0802188861527726,2.8699706275113384,0.027951117472701622
m0,theta_full_with_m0_from_theta_incomplete_defaults,external holdout,state,F,0.0183385793928771,0.01,21,381.5194852443831,4.262346130413016,-8.233347644758965,0.04639836100373176,2.044029846675243,0.022699453767371317
m0,theta_full_with_m0_from_theta_incomplete_defaults,external holdout,state,G,0.0183385793928771,0.01,21,1222.894266093782,7.631058923254367,-9.582982613653485,0.030205472699597214,0.2472693991165411,0.12215612933714051
m0,theta_full_with_m0_from_theta_incomplete_defaults,external holdout,state,Gly,0.0183385793928771,0.01,21,246.55665904959542,3.426484100076341,0.10425677505008935,0.0008091982813256898,0.14909610786665212,0.005427360196749179
m0,theta_full_with_m0_from_theta_incomplete_defaults,external holdout,state,N,0.0183385793928771,0.01,21,1238.7595058872575,7.680400243437396,1.5324353626056109e-06,1.0031313724642478e-08,0.14504275117815207,6.91610828060017e-08
m0,theta_full_with_m0_from_theta_incomplete_defaults,external holdout,state,X,0.0183385793928771,0.01,24,1452.7724815818715,7.78024335947006,2.4490527721354738e-06,1.0229959614775674e-08,0.14778457035701895,6.922210884439471e-08
m0,theta_full_with_m0_from_theta_incomplete_defaults,external holdout,state,Xd,0.0183385793928771,0.01,24,16.936255840495747,0.8400460265290961,0.0,0.0,0.0,
m0,theta_full_with_m0_from_theta_incomplete_defaults,external holdout,global,GLOBAL,0.0183385793928771,0.01,132,4559.438653697386,5.87717635620626,-17.712069501873884,0.022084976900641463,0.827811912735064,0.02667873771914372
