model,matrix,batch,state,n,wsse,bias_g_L,rmse_g_L,weighted_rmse
joint_reference,natural,LAB004,E,4,52.325868159554645,-5.1462972864648515,7.448642406571545,3.6168310770464056
joint_reference,natural,LAB004,F,12,80.88014590605948,-4.136710913192847,6.490383347132841,2.596153338853137
joint_reference,natural,LAB004,G,12,27.437292943298264,-0.7859554904373717,3.780245592722936,1.5120982370891742
joint_reference,natural,LAB004,Gly,12,38.101788603649126,-0.41080763174653107,0.6236631772537572,1.7818947921535924
joint_reference,natural,LAB004,N,12,52.882287596991695,-0.021712957307392085,0.025590255596938265,2.099251604679465
joint_reference,natural,LAB004,X,11,341.9657154116703,-0.09457496962524647,0.45251717249871176,5.575642771031143
joint_reference,natural,LAB004,Xd,11,71.80055281195284,-0.052809785699059204,0.16313246825552427,2.5548626152701055
joint_reference,natural,LAB005,E,4,16.334052630453517,1.4425009689765922,4.073342687487885,2.0207704366437516
joint_reference,natural,LAB005,F,12,98.08699720157063,6.272624191019194,7.1475154920539605,2.8590061968215843
joint_reference,natural,LAB005,G,12,23.358965608190893,-1.966538407755583,3.487997695087076,1.3951990780348305
joint_reference,natural,LAB005,Gly,12,258.47605245375144,-0.6691430113048851,1.8832179416014727,4.641085114260739
joint_reference,natural,LAB005,N,12,92.33548082504696,-0.029713954215983527,0.035088568050297905,2.7739184202292697
joint_reference,natural,LAB005,X,11,167.110745393973,-0.031094927946076933,0.3653492450628815,3.89767699340346
joint_reference,natural,LAB005,Xd,11,77.97220626418473,-0.036306649897430425,0.19521353968944785,2.662401620276918
joint_reference,natural,LAB006,E,4,231.83532649760264,-13.140155514323306,15.244197664014079,7.6130697898023145
joint_reference,natural,LAB006,F,14,389.8079506491632,11.451430091153993,13.191717346115515,5.276686938446207
joint_reference,natural,LAB006,G,14,700.0991352068246,15.191136095168035,17.67892125636519,7.071568502546077
joint_reference,natural,LAB006,Gly,14,145.02675155898086,-0.775655228921629,1.1264919334558425,3.2185483813024076
joint_reference,natural,LAB006,N,14,245.52029112859552,0.00422278152194058,0.05048663349777904,4.187739682936672
joint_reference,natural,LAB006,X,13,428.42655982798675,-0.598292922244918,0.7569385858800467,5.740722011867274
joint_reference,natural,LAB006,Xd,13,65.82601581367388,-0.03896280565776919,0.1450593664556122,2.250231027689138
joint_reference,natural,LAB007,E,5,37.2091559574203,-4.576627612254464,5.495269364123136,2.727971992430285
joint_reference,natural,LAB007,F,12,99.60954176858925,3.6123560211172427,7.202775136788614,2.8811100547154456
joint_reference,natural,LAB007,G,12,67.1458195681654,4.209303267420677,5.913694363516443,2.3654777454065767
joint_reference,natural,LAB007,Gly,12,46.36648798392943,-0.5427655173170901,0.6879858754625318,1.965673929892948
joint_reference,natural,LAB007,N,12,28.317431536882054,-0.008873500887081378,0.01852343283635265,1.536159484365747
joint_reference,natural,LAB007,X,12,127.7811667530961,-0.1655121656254168,0.3001899482188713,3.263193307598863
joint_reference,natural,LAB007,Xd,12,16.147211824314216,-0.023941042718250247,0.06960002548343115,1.1600004247238525
joint_reference,natural,LAB008,E,5,80.67884901805523,-7.64045738224808,8.116813784121094,4.016935374587329
joint_reference,natural,LAB008,F,12,124.52788676844317,5.312344932867848,8.05346350079046,3.2213854003161844
joint_reference,natural,LAB008,G,12,76.27557564595276,4.452314740933365,6.30292490163102,2.521169960652408
joint_reference,natural,LAB008,Gly,12,52.03634212569772,-0.5874195560976443,0.7288376539850954,2.0823932971002725
joint_reference,natural,LAB008,N,12,39.98360011108862,-0.0031390937396593792,0.02213464325920295,1.8253675454340839
joint_reference,natural,LAB008,X,12,336.8940709464665,-0.21997232816906098,0.42908608168022727,5.298538091984009
joint_reference,natural,LAB008,Xd,12,19.747773304979084,-0.028541911915093813,0.0769696822878575,1.2828280381309585
joint_reference,natural,LAB009,E,4,26.61082781025287,-4.54367194989703,5.170227144005451,2.579284193834254
joint_reference,natural,LAB009,F,11,56.99473982242398,3.000234320010901,5.690639234664637,2.276255693865855
joint_reference,natural,LAB009,G,11,46.39306683387149,2.9805974729365756,5.134169559402933,2.0536678237611734
joint_reference,natural,LAB009,Gly,11,70.07015702719306,-0.7172831578392231,0.8833610522951093,2.5238887208431695
joint_reference,natural,LAB009,N,11,47.1208055287394,-0.018237776375855764,0.024839282762293725,2.0697124422300224
joint_reference,natural,LAB009,X,11,627.3511057187981,-0.0025689314695115876,0.4731983042291678,7.55194800708459
joint_reference,natural,LAB009,Xd,11,0.7669687995406741,-0.01175508932585135,0.015843231070673876,0.2640538511778979
joint_reference,natural,LAB010,E,3,452.989420310957,14.443773492219117,24.576158071371797,12.288062232792674
joint_reference,natural,LAB010,F,3,419.9558164149427,-22.387891984509242,29.578842960204916,11.831537184081967
joint_reference,natural,LAB010,G,3,356.4453769526946,-15.915909188563965,27.250587797662526,10.90023511906501
joint_reference,natural,LAB010,Gly,3,95.07154401571522,1.4847894013874487,1.970301511776401,5.629432890789717
joint_reference,natural,LAB010,N,3,160.80555555555554,-0.06254,0.08877804608497906,7.321328557840568
joint_reference,natural,LAB010,X,8,626.9891605208846,0.12235326671955096,0.8555865330345281,8.852889080131446
joint_reference,natural,LAB010,Xd,8,21.867649999999962,0.09892499999999992,0.09919900453129549,1.6533167421882582
joint_reference,natural,LAB011,E,3,485.75254127263264,17.168837399973757,25.45449201721742,12.724681283141996
joint_reference,natural,LAB011,F,3,495.70923495333165,-25.0995185659291,32.136078989500895,12.854431595800358
joint_reference,natural,LAB011,G,3,362.5749382301556,-20.431785970442444,27.483894459231163,10.993557783692467
joint_reference,natural,LAB011,Gly,3,91.3540311165477,1.546333271848453,1.931395765741889,5.518273616405397
joint_reference,natural,LAB011,N,3,210.5073022367485,-0.11011035641604276,0.12837862629129404,8.376699872001076
joint_reference,natural,LAB011,X,6,939.7961860719643,0.4380223276823156,0.9037929956046435,12.515298545326864
joint_reference,natural,LAB011,Xd,6,42.06878561114092,0.10897536482723735,0.1588750180698166,2.6479169678302767
joint_reference,natural,LAB012,E,3,573.174673299112,20.97165413205402,27.647529860425777,13.822381286632103
joint_reference,natural,LAB012,F,3,365.6249084991028,-22.35845167569379,27.599249253795485,11.039699701518195
joint_reference,natural,LAB012,G,3,444.439922510102,-24.74513951966982,30.428876174275302,12.171550469710121
joint_reference,natural,LAB012,Gly,3,111.33114489192842,1.818859615838808,2.132140180605802,6.0918290874451495
joint_reference,natural,LAB012,N,3,421.8418777777777,-0.21239333333333332,0.22181287398766256,11.858075697989925
joint_reference,natural,LAB012,X,7,184.05486522665947,0.007799125979777642,0.7200182203556738,5.127723878607063
joint_reference,natural,LAB012,Xd,7,70.0390941916408,0.16516434517635112,0.18978963508124566,3.1631605846874287
joint_reference,synthetic,MS007,E,3,147.751348816507,13.98807969674588,14.035732913603384,7.017866456801692
joint_reference,synthetic,MS007,F,8,62.842433014059075,-4.766346610616782,7.094005987928732,2.8027315473939676
joint_reference,synthetic,MS007,G,8,245.48435600008543,-12.065506601845767,14.03782375617169,5.539453447769977
joint_reference,synthetic,MS007,Gly,8,44.567879058175855,0.629756424849614,0.8261026861585172,2.3602933890243354
joint_reference,synthetic,MS007,N,8,657.4266513628198,-0.14563356383447315,0.1562894951904012,9.065226495810927
joint_reference,synthetic,MS007,X,8,40.20531639679497,0.17220257946285117,0.2033130011210615,2.241799399946251
joint_reference,synthetic,MS007,Xd,8,345.79152172297256,-0.5796012651089656,0.5989837144883587,6.574491631705951
joint_reference,synthetic,MS008,E,3,89.95243438707872,10.571494639309838,11.006309540526152,5.475778008255348
joint_reference,synthetic,MS008,F,8,54.62648214413352,1.3991542551788303,6.6127479112248855,2.613103570089921
joint_reference,synthetic,MS008,G,8,94.39687448503132,-6.3003011395600215,9.000096436739899,3.435055939956279
joint_reference,synthetic,MS008,Gly,7,23.14556498976345,0.5446746114966577,0.6364333329743661,1.8183809513553317
joint_reference,synthetic,MS008,N,8,375.1674228886766,-0.09436521374413823,0.10231864078998457,6.848060153144434
joint_reference,synthetic,MS008,X,8,32.166190960748175,-0.046313600255708444,0.1884416313400412,2.0051867419503657
joint_reference,synthetic,MS008,Xd,8,292.5854659025308,-0.46325161029779915,0.49597459353884094,6.0475766417480274
joint_reference,synthetic,MS009,E,3,53.784342317654485,-9.564284629281298,9.91400313334951,4.234160377912583
joint_reference,synthetic,MS009,F,8,139.36891022979842,6.6762462760069825,10.43988662511362,4.17386077615495
joint_reference,synthetic,MS009,G,8,280.2323167923741,9.354560681028087,14.798770078441395,5.918533568296015
joint_reference,synthetic,MS009,Gly,8,101.09908226957211,-0.37760492726744815,1.2483472872530728,3.554910024697744
joint_reference,synthetic,MS009,N,8,70.21688840901558,-0.03819678419358524,0.0413945149231711,2.96261895138861
joint_reference,synthetic,MS009,X,8,62.61053040709886,-0.15191952122710659,0.2643815516702287,2.7975554151593416
joint_reference,synthetic,MS009,Xd,8,223.86542681788072,-0.4639088548517334,0.5407608661327336,5.2899128870176195
joint_reference,synthetic,MS010,E,3,8.83420514283376,-0.8356944199381312,4.2016178275293035,1.7160230323661898
joint_reference,synthetic,MS010,F,8,76.20093060969899,-6.984441897217681,7.938619272913015,3.086278718167297
joint_reference,synthetic,MS010,G,8,45.37603137272956,-4.737705276755841,6.211252770157232,2.3815969267680868
joint_reference,synthetic,MS010,Gly,8,7.874054414986522,0.17881168065773065,0.36523732425587313,0.9920971736041361
joint_reference,synthetic,MS010,N,7,348.8633483728489,-0.09432330661731103,0.11065468359373377,7.059576559264817
joint_reference,synthetic,MS010,X,8,201.6825728299989,0.02946078297869914,0.5830104211976347,5.0209881102975995
joint_reference,synthetic,MS010,Xd,8,368.2427887465755,-0.5429124642394214,0.5643952756242553,6.784566942209498
joint_reference,synthetic,MS011,E,3,4.429887442270724,-2.423098914047825,3.1197338068060465,1.2151663044306218
joint_reference,synthetic,MS011,F,8,13.792291041662967,1.2680315013630534,3.314298692981506,1.3130256586250975
joint_reference,synthetic,MS011,G,8,10.270775999654282,-1.249622706001845,2.9691541655882334,1.1330697242256476
joint_reference,synthetic,MS011,Gly,8,26.19786596157558,0.22030836143827248,0.6583323462490618,1.809622404038187
joint_reference,synthetic,MS011,N,7,344.7875585785072,-0.08623209094797188,0.09355466146250536,7.0182166902437055
joint_reference,synthetic,MS011,X,8,103.77502630843298,-0.17283107448551213,0.46100024675030843,3.6016493844562554
joint_reference,synthetic,MS011,Xd,8,125.60472672838843,-0.3096937057788095,0.3505586902467834,3.962397107944704
joint_reference,synthetic,MS012,E,3,43.91141028164698,-8.956214165382619,8.99564330039719,3.8258511158367092
joint_reference,synthetic,MS012,F,8,19.950328088111647,2.3254612838354602,3.98602354299064,1.5791741547448008
joint_reference,synthetic,MS012,G,8,140.62447439595016,6.2616029174101495,10.48876055180439,4.19261962256222
joint_reference,synthetic,MS012,Gly,8,53.76472379629432,0.127834294475627,0.9197848874076396,2.592410167110288
joint_reference,synthetic,MS012,N,7,204.36104293323234,-0.054424949433874936,0.07009688050376116,5.403187457857396
joint_reference,synthetic,MS012,X,8,64.47572803520627,-0.09967076856997374,0.2954681155844245,2.8389198657941694
joint_reference,synthetic,MS012,Xd,8,318.77817782305175,-0.37396426631572105,0.412330376380143,6.312469582333167
joint_reference,synthetic,MS013,E,3,9.905367154222281,-1.4367044998091814,4.490870239028827,1.8170825659301855
joint_reference,synthetic,MS013,F,7,48.85183467022503,-1.7803199496657378,6.848952073061009,2.6417481947221733
joint_reference,synthetic,MS013,G,7,52.87605650650432,-2.5261857874069684,7.067827662291607,2.7484036017426634
joint_reference,synthetic,MS013,Gly,7,12.964587259762336,0.14176615048927485,0.48238417944338086,1.3609128900307184
joint_reference,synthetic,MS013,N,7,480.3990544944906,-0.10511678162662207,0.11242301767808263,8.28422816901827
joint_reference,synthetic,MS013,X,7,142.78219045380536,-0.13946098928989079,0.5526290016612962,4.516354257486347
joint_reference,synthetic,MS013,Xd,7,325.1106711148899,-0.5204285536161459,0.532338709094382,6.815011488459973
joint_reference,synthetic,MS014,E,3,11.970709241775292,0.99561520206228,4.351581532250654,1.9975576121666923
joint_reference,synthetic,MS014,F,7,7.441104281250958,-0.683068697459679,2.651862806369136,1.031026138039946
joint_reference,synthetic,MS014,G,7,81.10081233576922,-7.153170434290872,8.933338030567684,3.403796458908981
joint_reference,synthetic,MS014,Gly,7,21.771229992339567,-0.020882348288177255,0.6222509530534293,1.763569027056034
joint_reference,synthetic,MS014,N,7,578.156714940349,-0.12040549357235604,0.1252304649230975,9.088114018873766
joint_reference,synthetic,MS014,X,7,123.65729301247697,-0.019604358180417374,0.3598161065784002,4.203014105759222
joint_reference,synthetic,MS014,Xd,7,303.39212046132275,-0.5006078559680243,0.5229741939191347,6.583443741270573
joint_reference,synthetic,MS015,E,3,141.39752834303127,13.10517317247096,13.814735593655216,6.8653120429939
joint_reference,synthetic,MS015,F,7,103.21896083857789,-9.121469712440513,9.72819671946165,3.8399955513102557
joint_reference,synthetic,MS015,G,7,292.32020060803677,-15.866613710627908,16.49484472624146,6.462199985940622
joint_reference,synthetic,MS015,Gly,7,29.6006787262032,0.6656911801806736,0.7215358424069621,2.0563726290382296
joint_reference,synthetic,MS015,N,7,718.9810509501866,-0.155008495133258,0.1609581190181027,10.134672106544421
joint_reference,synthetic,MS015,X,7,226.62294371114137,0.235949366530145,0.35109677177628973,5.68987752455611
joint_reference,synthetic,MS015,Xd,7,304.47349348949183,-0.4961417703897159,0.5180395291537906,6.595165908121015
joint_reference,synthetic,MS016,E,3,35.64056463437586,-8.4337640928524,8.43518737211887,3.4467648906559645
joint_reference,synthetic,MS016,F,7,26.531477795835166,0.38832794381278246,5.178578301836355,1.9468464535475667
joint_reference,synthetic,MS016,G,7,80.73056543104965,4.412357397421049,8.528882043761692,3.396017950294341
joint_reference,synthetic,MS016,Gly,7,72.85530157571046,-0.6739218725561569,1.1304552342451568,3.22612774469665
joint_reference,synthetic,MS016,N,7,578.3467577211061,-0.11192454295931473,0.1195928464343856,9.089607548663993
joint_reference,synthetic,MS016,X,7,106.34888568790777,0.020548789246021406,0.29605383621038206,3.8977811579686454
joint_reference,synthetic,MS016,Xd,7,242.26072334190732,-0.38401032428854315,0.45612577621330075,5.882913798716553
joint_reference,synthetic,lot2_F1,E,12,1178.9271913232253,-17.029864441747517,20.16989184293357,9.911807736748568
joint_reference,synthetic,lot2_F1,F,14,271.8675471142811,7.8355076812589015,11.01677995949898,4.406711983799592
joint_reference,synthetic,lot2_F1,G,14,2791.0366709686077,28.6294890196885,35.334339081118316,14.119481655218205
joint_reference,synthetic,lot2_F1,Gly,14,375.31794050348026,-1.249400669066198,1.8121898298482562,5.177685228137875
joint_reference,synthetic,lot2_F1,N,13,900.6681366709151,0.0690030206408654,0.09993373739785189,8.323590833246259
joint_reference,synthetic,lot2_F1,X,16,694.1609536812584,-0.36237533350853257,0.668528729899591,6.586733606658057
joint_reference,synthetic,lot2_F1,Xd,16,2.8723706651147496,-0.00994176562499991,0.025422104548027073,0.42370174246711784
joint_reference,synthetic,lot2_F2,E,11,1078.1228502123201,-17.24962901971442,20.169209700346965,9.900058999880759
joint_reference,synthetic,lot2_F2,F,14,1023.1946845772135,16.37797035992942,21.41160934972779,8.548996117244299
joint_reference,synthetic,lot2_F2,G,14,830.1493425239695,12.250484836904976,19.25103594758847,7.700414379035388
joint_reference,synthetic,lot2_F2,Gly,13,524.2872343816142,-1.7186082789447954,2.2227008209305206,6.350573774087202
joint_reference,synthetic,lot2_F2,N,14,672.1889841388248,0.05313050961180129,0.08494013841978913,6.929177358608951
joint_reference,synthetic,lot2_F2,X,16,475.55331768990936,-0.29158858838210927,0.553858920789548,5.451796250376506
joint_reference,synthetic,lot2_F2,Xd,16,6.86008765263554,0.0006618918289153725,0.03928765355481282,0.6547942259135471
joint_reference,synthetic,lot2_F3,E,10,222.5509428636824,-8.100795188678084,9.43506105679624,4.71753052839812
joint_reference,synthetic,lot2_F3,F,13,317.52186936605375,7.934629150032619,12.355352883974048,4.94214115358962
joint_reference,synthetic,lot2_F3,G,13,303.82051277770637,9.228920172110955,12.085841063825518,4.834336425530207
joint_reference,synthetic,lot2_F3,Gly,12,152.92801171296293,-0.9291335890102177,1.2494559294228147,3.569874084065185
joint_reference,synthetic,lot2_F3,N,13,532.3100300144625,0.03618783822776934,0.07687836378694186,6.398978464233794
joint_reference,synthetic,lot2_F3,X,14,816.3543905583788,-0.3451628034090263,0.7557094213337061,7.636165785066944
joint_reference,synthetic,lot2_F3,Xd,14,2.2714834731522764,0.019455117857142993,0.02416807295253713,0.40280121587561885
natural,natural,LAB004,E,4,52.39251306613927,-5.985682094837096,7.42568081601318,3.619133634799193
natural,natural,LAB004,F,12,76.44734779933088,-4.470557046541521,6.310017985617645,2.524007194247058
natural,natural,LAB004,G,12,45.8412862842599,-1.8541422726942827,4.886273625137943,1.9545094500551774
natural,natural,LAB004,Gly,12,20.651683859331975,-0.1530443573208403,0.45915059918362355,1.3118588548103531
natural,natural,LAB004,N,12,129.78052606505491,-0.032295755761466316,0.04150654071825826,3.2886233957013955
natural,natural,LAB004,X,11,320.7482463771992,-0.13843576025433182,0.4823624003305443,5.3999010628747905
natural,natural,LAB004,Xd,11,69.33394743337551,-0.05991235050552561,0.16063919051647096,2.510594776204807
natural,natural,LAB005,E,4,13.764111099515397,2.969476346244438,3.7383068226600877,1.8550007479456307
natural,natural,LAB005,F,12,45.220547196638556,4.2698781844433205,4.8530782325842,1.94123129303368
natural,natural,LAB005,G,12,40.42855515914892,-2.5805442268661842,4.588740474835123,1.835496189934049
natural,natural,LAB005,Gly,12,247.17480524224572,-0.4330593089550472,1.8425618921153004,4.538490986754717
natural,natural,LAB005,N,12,220.8470113345611,-0.04101678752646876,0.05600080965009044,4.289978742513001
natural,natural,LAB005,X,11,218.65639895501724,-0.0665905216760741,0.41197353936388215,4.4584587528041695
natural,natural,LAB005,Xd,11,67.88205559091597,-0.049943588569801585,0.18656391652366816,2.484169068886122
natural,natural,LAB006,E,4,285.10014715425547,-14.24977769489201,16.896040897254828,8.44245442916714
natural,natural,LAB006,F,14,327.44330217177736,10.281477540247042,12.09049401854203,4.836197607416812
natural,natural,LAB006,G,14,448.161543187898,12.310099061570272,14.144685132395042,5.657874052958016
natural,natural,LAB006,Gly,14,78.39342305044133,-0.44227073048264004,0.8282164280496744,2.3663326515704983
natural,natural,LAB006,N,14,93.92908929572476,-0.016997064856891488,0.031183221340654817,2.590216335362809
natural,natural,LAB006,X,13,347.40342659168095,-0.5842683933141041,0.721089193392239,5.1694623034753215
natural,natural,LAB006,Xd,13,65.65475555996072,-0.03973936605895816,0.14489580352822756,2.2473018961200273
natural,natural,LAB007,E,5,56.44273677139546,-5.250387904745944,6.739942990724824,3.359843352639985
natural,natural,LAB007,F,12,79.66317783282814,3.2413828965380023,6.4413692996596605,2.576547719863864
natural,natural,LAB007,G,12,51.048362827339396,2.89125714193562,5.156325142247393,2.0625300568989573
natural,natural,LAB007,Gly,12,22.838865660595662,-0.2849884865913352,0.48285272456369205,1.3795792130391202
natural,natural,LAB007,N,12,75.69916335065754,-0.02569555424027666,0.031132854019765697,2.5116256911719144
natural,natural,LAB007,X,12,112.29844943074764,-0.18592833567045775,0.32298191932282244,3.059118193079334
natural,natural,LAB007,Xd,12,28.42120663303805,-0.03386403750866224,0.09233830185741676,1.5389716976236125
natural,natural,LAB008,E,5,89.35748535206199,-7.679970320952199,8.505059523052662,4.22746934588678
natural,natural,LAB008,F,12,82.96582731593757,4.246218167397879,6.5735354561847075,2.629414182473883
natural,natural,LAB008,G,12,49.11738013212721,2.655651646497449,5.057862079853132,2.023144831941253
natural,natural,LAB008,Gly,12,24.094774652740924,-0.3033252016120742,0.4959510976363801,1.4170031361039432
natural,natural,LAB008,N,12,52.175696336434854,-0.02141911258848432,0.02562890267459273,2.0851797751519903
natural,natural,LAB008,X,12,274.5253238424899,-0.23930912122905804,0.4289553698709596,4.783002228747912
natural,natural,LAB008,Xd,12,26.15783838474915,-0.03224308969203429,0.08858527820933197,1.4764213034888662
natural,natural,LAB009,E,4,31.475406289457737,-4.1966401268745965,5.61332592919579,2.8051473352329346
natural,natural,LAB009,F,11,38.682786932966195,1.801821723276049,4.688161282625909,1.8752645130503638
natural,natural,LAB009,G,11,38.00808050363681,1.9482354967671378,4.647095898102091,1.8588383592408364
natural,natural,LAB009,Gly,11,40.89264730552764,-0.46393467711327124,0.6748298974170612,1.9280854211916036
natural,natural,LAB009,N,11,108.64537643851156,-0.028529930610298734,0.03799673860586588,3.1427459972929803
natural,natural,LAB009,X,11,575.6861151998065,-0.062884730533361,0.4846451669948836,7.2343003380977065
natural,natural,LAB009,Xd,11,1.4622388344787371,-0.015735468282355593,0.02187580607163883,0.36459676786064715
natural,natural,LAB010,E,3,359.079272455672,13.891814988226377,21.88087350484596,10.940433758245481
natural,natural,LAB010,F,3,413.2216017794595,-22.242948350115412,29.340728297718528,11.73629131908741
natural,natural,LAB010,G,3,351.8883016944014,-15.815028717168303,27.075831077364978,10.830332430945989
natural,natural,LAB010,Gly,3,113.6238756980304,1.7362116749509011,2.153982727647301,6.154236364706575
natural,natural,LAB010,N,3,160.80555555555554,-0.06254,0.08877804608497906,7.321328557840568
natural,natural,LAB010,X,8,603.7814780943085,0.08052226928408565,0.9056648197089727,8.687501640966094
natural,natural,LAB010,Xd,8,25.818212523299703,0.10672395533726059,0.1077877341606403,1.796462236010672
natural,natural,LAB011,E,3,399.55068097611013,16.06788214670504,23.083050531886887,11.540518200036342
natural,natural,LAB011,F,3,499.5865054332861,-25.071770574254618,32.26151297835672,12.904605191342691
natural,natural,LAB011,G,3,361.82493674341316,-20.76930347846866,27.455453949056775,10.982181579622711
natural,natural,LAB011,Gly,3,107.4817446543407,1.7634436091624897,2.0949553471897464,5.985586706256419
natural,natural,LAB011,N,3,257.3989366927622,-0.12227034629532309,0.1465143336811671,9.262809809353428
natural,natural,LAB011,X,6,886.4874713033378,0.43135426080352307,0.854783429329948,12.155159887220309
natural,natural,LAB011,Xd,6,4.504224501074281,0.04605092346936029,0.051985908673837455,0.8664318112306244
natural,natural,LAB012,E,3,440.1039502917793,19.270049096778525,24.22424869983067,12.11203190071453
natural,natural,LAB012,F,3,354.3471283229126,-21.905082836632147,27.170262862292443,10.868105144916978
natural,natural,LAB012,G,3,450.4194559074474,-24.932211020111925,30.632888640705247,12.2531554562821
natural,natural,LAB012,Gly,3,132.12357628676742,2.0467537233879862,2.3227238388817706,6.636353825376488
natural,natural,LAB012,N,3,421.8418777777777,-0.21239333333333332,0.22181287398766256,11.858075697989925
natural,natural,LAB012,X,7,221.1090158629182,0.029406401786124286,0.7231596947859751,5.62023151357052
natural,natural,LAB012,Xd,7,32.17335426391628,0.12546546526644017,0.1286324083525824,2.1438734725430404
natural,synthetic,MS007,E,3,90.22336081356073,9.746293155079604,10.968036032858434,5.484018016429217
natural,synthetic,MS007,F,8,206.44427558772023,-7.716182861451916,12.745143025841614,5.0799148072054345
natural,synthetic,MS007,G,8,469.7453521235583,-16.675897049909643,19.44992860209985,7.66277815256613
natural,synthetic,MS007,Gly,8,120.62144249103724,1.1794788272439347,1.3590496084190629,3.882998881197322
natural,synthetic,MS007,N,8,762.638476238377,-0.1661221515224908,0.18072226894093507,9.763698557913242
natural,synthetic,MS007,X,8,106.279308703803,0.17765404032265492,0.2503419707821984,3.644847539743655
natural,synthetic,MS007,Xd,8,363.0114242215378,-0.5944963111155616,0.6139290896702561,6.736202789976875
natural,synthetic,MS008,E,3,9.984211139104165,3.6191199771352607,3.737977259419799,1.8242999697696067
natural,synthetic,MS008,F,8,96.30023584915034,0.7133361326092462,8.71310709268728,3.4695143004668236
natural,synthetic,MS008,G,8,187.82798477931047,-9.878550977354807,12.704488105801481,4.84546159797122
natural,synthetic,MS008,Gly,7,75.04825008109916,1.0807485201936768,1.1460123805697893,3.274321087342255
natural,synthetic,MS008,N,8,475.94551484441024,-0.10772988802236676,0.1223052567551585,7.713182829127757
natural,synthetic,MS008,X,8,65.73262687330256,-0.0626811646766711,0.26498832984408666,2.8664574581114612
natural,synthetic,MS008,Xd,8,304.5583139228469,-0.47318305741636535,0.5075073000628636,6.170072061196357
natural,synthetic,MS009,E,3,75.6198028946641,-9.466115765989835,11.163346782271482,5.020617587995329
natural,synthetic,MS009,F,8,115.39597031883945,5.101783841071361,9.500290206974476,3.797959490286189
natural,synthetic,MS009,G,8,174.08116014189008,6.865455784851637,11.66384379066443,4.664777059810711
natural,synthetic,MS009,Gly,8,80.98306029849002,0.05715590798415404,1.1282860742754315,3.1816477707803
natural,synthetic,MS009,N,8,159.186752596771,-0.04861382874059075,0.05934952309311749,4.460755998101261
natural,synthetic,MS009,X,8,86.10762528594277,-0.003552581987217654,0.2655137179676282,3.2807702084636845
natural,synthetic,MS009,Xd,8,320.3942189494554,-0.6769713381287971,0.7115475775792339,6.328449839311514
natural,synthetic,MS010,E,3,11.643544139582824,-2.7161539693341226,4.712711029193317,1.9700714149139216
natural,synthetic,MS010,F,8,115.67974914271056,-8.15986781478796,9.666075074049042,3.802626545276149
natural,synthetic,MS010,G,8,107.81398404816572,-7.189979122636009,9.496949640959027,3.671069054924017
natural,synthetic,MS010,Gly,8,29.402265664874612,0.6251790529881733,0.7072642268781635,1.9171028162592967
natural,synthetic,MS010,N,7,411.2481647017802,-0.1045123945899714,0.12536282431566004,7.6648377552652756
natural,synthetic,MS010,X,8,225.40549793992892,0.09472008538279143,0.4861328083051034,5.308077546766919
natural,synthetic,MS010,Xd,8,478.9847377046606,-0.6738048484991392,0.6893813215109882,7.73777049369407
natural,synthetic,MS011,E,3,28.375584468608146,-4.10381808640786,6.209774112055977,3.0754720216907705
natural,synthetic,MS011,F,8,32.19211494778891,-1.9809772506252488,5.025258837645201,2.0059946082862767
natural,synthetic,MS011,G,8,31.16886833629644,-3.7374969901889488,5.13118986052019,1.9738562617468007
natural,synthetic,MS011,Gly,8,44.8018416034719,0.6387451926912721,0.8759457895090059,2.366480551459062
natural,synthetic,MS011,N,7,377.37216637107247,-0.09339260617800949,0.10309754794310606,7.34236402540638
natural,synthetic,MS011,X,8,117.83884900020558,-0.16342849429256595,0.44623097342735857,3.8379494687952445
natural,synthetic,MS011,Xd,8,173.0500238069037,-0.3771735679024473,0.435007579287612,4.650941084970112
natural,synthetic,MS012,E,3,82.40140928451112,-9.892766506506087,11.092155129770692,5.240909885522778
natural,synthetic,MS012,F,8,17.258275514482527,1.453311875960603,3.710653697253005,1.4687697026117865
natural,synthetic,MS012,G,8,98.13945808294639,4.343419485804804,8.764581602033248,3.502489437581261
natural,synthetic,MS012,Gly,8,64.56656208640851,0.5242814663235502,1.019847502836,2.840918911338559
natural,synthetic,MS012,N,7,299.8279364568971,-0.06413458562356258,0.08591217653094149,6.54465907064572
natural,synthetic,MS012,X,8,104.14766387559924,0.06044298007451543,0.2868517671513112,3.6081100294267503
natural,synthetic,MS012,Xd,8,436.4473046992976,-0.5894573647143581,0.6080930384767405,7.386197471460684
natural,synthetic,MS013,E,3,10.454765177028543,-3.469518987831009,3.980070852385869,1.8667945054762136
natural,synthetic,MS013,F,7,103.36497687474103,-4.618566638438499,9.737185353498388,3.842710666680507
natural,synthetic,MS013,G,7,83.9896016885008,-5.154914969717484,8.983977327036134,3.4638871989325355
natural,synthetic,MS013,Gly,7,30.95559375957407,0.6196208533904984,0.757787137895613,2.1029093370707055
natural,synthetic,MS013,N,7,529.5073708592158,-0.11366164050067737,0.1254773085976776,8.697350753117016
natural,synthetic,MS013,X,7,168.60224941541256,-0.09920755372941496,0.5093071066415152,4.907752604886805
natural,synthetic,MS013,Xd,7,418.7304293922029,-0.6283141038411852,0.6484198880320031,7.734250627586017
natural,synthetic,MS014,E,3,7.566423611383657,1.110225133517891,3.6421012256964556,1.5881250592426757
natural,synthetic,MS014,F,7,82.48001472720223,-5.605099498920036,8.599801873161756,3.432616967671047
natural,synthetic,MS014,G,7,150.28686590343813,-9.769662583697665,12.12455879393218,4.633524821549975
natural,synthetic,MS014,Gly,7,29.749516462849176,0.4629131549675079,0.7460492759024808,2.0615360591714538
natural,synthetic,MS014,N,7,628.65760925617,-0.12943146533427294,0.13847182086378212,9.476720418675365
natural,synthetic,MS014,X,7,161.56046195819047,0.030836498562732215,0.3497600402949071,4.8041717281990675
natural,synthetic,MS014,Xd,7,401.54333843136817,-0.6198471309222757,0.641676239236961,7.573858597942269
natural,synthetic,MS015,E,3,55.87007738022157,8.567246974696465,8.926030863021689,4.315479014749177
natural,synthetic,MS015,F,7,227.92219482052974,-11.879429641316312,14.319426666186006,5.706164521444326
natural,synthetic,MS015,G,7,449.45815343413983,-19.43444863548114,20.52885323663687,8.013008650528748
natural,synthetic,MS015,Gly,7,85.65373682483217,1.1791907756837845,1.2290393645779485,3.4980348937415084
natural,synthetic,MS015,N,7,807.037760295373,-0.16884396091786966,0.1766380196443152,10.737369725106085
natural,synthetic,MS015,X,7,283.635782752487,0.21268445374675743,0.387786512920665,6.36548486260627
natural,synthetic,MS015,Xd,7,326.782893209028,-0.5151140315272641,0.5389304367585727,6.832515675681437
natural,synthetic,MS016,E,3,70.79421430234656,-9.202802107965361,10.327172784060012,4.857784622038684
natural,synthetic,MS016,F,7,20.345096965754944,-1.2697604898413009,4.609930113660763,1.704829147943945
natural,synthetic,MS016,G,7,56.78786477063889,2.2995092664784593,7.271580790792107,2.8482542214646625
natural,synthetic,MS016,Gly,7,47.43460987806576,-0.23090192949177277,0.9250362372881099,2.603146718823908
natural,synthetic,MS016,N,7,639.6487683895755,-0.12111498445465982,0.13364764381547378,9.559204751663449
natural,synthetic,MS016,X,7,155.81850366023198,0.20264463687480475,0.3159970895050505,4.71802779105592
natural,synthetic,MS016,Xd,7,357.8541324077147,-0.6309243422903977,0.6573826473341459,7.14996635764028
natural,synthetic,lot2_F1,E,12,1453.0501563334242,-19.36453253072464,22.622685765948763,11.003977145913442
natural,synthetic,lot2_F1,F,14,270.0581752219914,8.138606896900695,10.980058532037088,4.392023412814836
natural,synthetic,lot2_F1,G,14,1935.9380822980957,23.915882062097058,29.43629110601709,11.759306594894152
natural,synthetic,lot2_F1,Gly,14,255.53912815047144,-0.8548077560386039,1.4953151411380228,4.2723289746800654
natural,synthetic,lot2_F1,N,13,442.7068586903338,0.03982411637428733,0.07007862185485256,5.835612542433767
natural,synthetic,lot2_F1,X,16,435.978832076642,-0.28832340087961805,0.5230713563740045,5.220026532958442
natural,synthetic,lot2_F1,Xd,16,2.8723706651147496,-0.00994176562499991,0.025422104548027073,0.42370174246711784
natural,synthetic,lot2_F2,E,11,781.2687675673112,-13.392150385865792,16.87665393196594,8.427599504913015
natural,synthetic,lot2_F2,F,14,814.8072481831072,11.623996693999104,19.114675490832774,7.628926381042407
natural,synthetic,lot2_F2,G,14,383.2905257700933,7.397191618549543,13.080972512074505,5.232389004829803
natural,synthetic,lot2_F2,Gly,13,317.32212414543557,-1.3088736575449078,1.7292052467005192,4.940586419144341
natural,synthetic,lot2_F2,N,14,180.57615824163835,0.011844671690880009,0.04467665427303717,3.5914199165872933
natural,synthetic,lot2_F2,X,16,255.74737779393044,-0.2017349281503611,0.39699915101179156,3.9980259018821593
natural,synthetic,lot2_F2,Xd,16,2.150379288064147,-0.008940180679281162,0.02199625740471394,0.36660429007856576
natural,synthetic,lot2_F3,E,10,138.69015689044346,-5.477179199236589,7.448225476996342,3.724112738498171
natural,synthetic,lot2_F3,F,13,203.1828115829096,5.493841085219808,9.883523867034723,3.953409546813889
natural,synthetic,lot2_F3,G,13,188.78407089779714,7.152442846894015,9.526886823460108,3.8107547293840436
natural,synthetic,lot2_F3,Gly,12,96.10503854435501,-0.7138138185723545,0.9904909229637715,2.829974065610776
natural,synthetic,lot2_F3,N,13,252.97231508632376,0.021092617864990452,0.05315998484941007,4.411281996516901
natural,synthetic,lot2_F3,X,14,641.5946459874979,-0.34066717090915083,0.7051011790719542,6.769652058939735
natural,synthetic,lot2_F3,Xd,14,2.5714287230425446,0.024098207809926213,0.025714286472355567,0.42857144120592616
synthetic,natural,LAB004,E,4,45.839293953066424,-1.1610308602426036,6.876339094097955,3.385236105246812
synthetic,natural,LAB004,F,12,183.44183831878013,-7.269021059653952,9.774590739481866,3.909836295792746
synthetic,natural,LAB004,G,12,115.87680386378263,-1.5523682107816725,7.7686872772938145,3.107474910917526
synthetic,natural,LAB004,Gly,12,49.63357914785075,-0.2957276232168906,0.7118118574930057,2.033748164265731
synthetic,natural,LAB004,N,12,357.5146164071794,-0.04780349559863009,0.07275845715700775,5.4582858756754655
synthetic,natural,LAB004,X,11,353.89027627585733,-0.15569931702808176,0.540672681891382,5.672022857658916
synthetic,natural,LAB004,Xd,11,72.08404279044497,-0.051370929403799996,0.1634165864823863,2.5599013260536743
synthetic,natural,LAB005,E,4,49.979709355828135,5.509439795251021,7.077351145357718,3.534816450532762
synthetic,natural,LAB005,F,12,26.181064535486538,2.520360392202365,3.692691580978917,1.4770766323915667
synthetic,natural,LAB005,G,12,94.6337170582207,-1.8514910218071157,7.0205693715792465,2.8082277486316984
synthetic,natural,LAB005,Gly,12,246.74328082578725,-0.5768684453220322,1.8253048601451352,4.534527546373007
synthetic,natural,LAB005,N,12,374.12981252103754,-0.05080990801044213,0.07669262553535762,5.583680182169563
synthetic,natural,LAB005,X,11,301.20425118546433,-0.11522220221728169,0.4820117755569093,5.232800842113527
synthetic,natural,LAB005,Xd,11,77.51533235708156,-0.03263893213625221,0.19483019198390744,2.654590061779469
synthetic,natural,LAB006,E,4,84.89221450978744,-6.042333519363845,9.219340125122125,4.606848557034066
synthetic,natural,LAB006,F,14,144.90614300084823,5.866979321110906,8.043024456701158,3.217209782680463
synthetic,natural,LAB006,G,14,267.65905086535685,9.305188468597507,10.931177782277105,4.372471112910842
synthetic,natural,LAB006,Gly,14,55.46157366932097,-0.3843340750773508,0.6966267075030633,1.9903620214373237
synthetic,natural,LAB006,N,14,280.6128682286658,-0.044523904127548364,0.054094009097306765,4.477027619084738
synthetic,natural,LAB006,X,13,331.2664037139094,-0.5396271484913097,0.7327763876605878,5.047972964954954
synthetic,natural,LAB006,Xd,13,66.37508708706996,-0.036839127612782886,0.1455825205956488,2.259596408603672
synthetic,natural,LAB007,E,5,23.894703935551476,-0.03176540334135254,4.385954034908325,2.186078861137058
synthetic,natural,LAB007,F,12,78.8510576193598,0.026953820059829103,6.408452167001787,2.5633808668007148
synthetic,natural,LAB007,G,12,102.36845704454659,2.580448240659568,7.301842555869124,2.92073702234765
synthetic,natural,LAB007,Gly,12,29.658306722204184,-0.38266980918664945,0.5502380222435569,1.5721086349815911
synthetic,natural,LAB007,N,12,249.2073857669793,-0.04285114209036217,0.06278062742306341,4.557113356857417
synthetic,natural,LAB007,X,12,147.0832241838567,-0.2045511906435522,0.37940445896497516,3.500990623902715
synthetic,natural,LAB007,Xd,12,16.87481471057471,-0.023897233147938814,0.07115085672830941,1.1858476121384902
synthetic,natural,LAB008,E,5,28.951506174626555,-2.437746851720277,4.868232423251624,2.406304476770409
synthetic,natural,LAB008,F,12,63.5676036708059,0.7028061785293037,5.753966189671093,2.301586475868437
synthetic,natural,LAB008,G,12,100.75982669576385,1.9327319707554595,7.244244363910129,2.8976977455640514
synthetic,natural,LAB008,Gly,12,26.56997732842871,-0.366411687306089,0.5208024435692575,1.4880069816264503
synthetic,natural,LAB008,N,12,208.50397179717154,-0.03948262652689054,0.05695094660435909,4.168372702038246
synthetic,natural,LAB008,X,12,245.0877732174955,-0.2507009292369841,0.46135039533295247,4.519289889070843
synthetic,natural,LAB008,Xd,12,17.6977545918633,-0.025467547757794935,0.0728651245628455,1.2144187427140916
synthetic,natural,LAB009,E,4,7.968004848424866,0.3765923420452939,2.823760158112135,1.4113827305540536
synthetic,natural,LAB009,F,11,39.67346468927364,-1.2456998466394595,4.747814370920967,1.8991257483683868
synthetic,natural,LAB009,G,11,84.41671519064454,2.1775417268917554,6.925607751089944,2.770243100435978
synthetic,natural,LAB009,Gly,11,54.904610737207435,-0.5717363890655739,0.781944825727837,2.2341280735081055
synthetic,natural,LAB009,N,11,330.0570290739704,-0.04473425274511635,0.0686920870174149,5.47769882900384
synthetic,natural,LAB009,X,11,526.7556181175896,-0.08780058654021007,0.5027764644460183,6.920034275516729
synthetic,natural,LAB009,Xd,11,0.5183431634084378,-0.0076144950561039815,0.013024576029639212,0.21707626716065354
synthetic,natural,LAB010,E,3,490.2335318461231,17.527624380334355,25.566485306071318,12.783238137578484
synthetic,natural,LAB010,F,3,438.0464031134794,-22.76801506350333,30.209215037022762,12.083686014809105
synthetic,natural,LAB010,G,3,301.77389910467633,-14.632904707214392,25.073803523493247,10.029521409397299
synthetic,natural,LAB010,Gly,3,86.85123935116106,1.5071393562146085,1.8831955837987397,5.380558810853542
synthetic,natural,LAB010,N,3,160.80555555555554,-0.06254,0.08877804608497906,7.321328557840568
synthetic,natural,LAB010,X,8,581.0804617135656,0.009420308752800005,0.9548175760047495,8.522620354925808
synthetic,natural,LAB010,Xd,8,42.044013860386656,0.12954172516697218,0.13754928657457294,2.2924881095762157
synthetic,natural,LAB011,E,3,553.831829904005,20.52809876490386,27.174640183434793,13.58714870633282
synthetic,natural,LAB011,F,3,560.5710096946577,-26.920656992235536,34.173912128950114,13.669564851580045
synthetic,natural,LAB011,G,3,327.10999693064156,-20.32990495137356,26.105155817810587,10.442062327124235
synthetic,natural,LAB011,Gly,3,88.04800677012973,1.6098343031402276,1.8961259477630428,5.417502707894408
synthetic,natural,LAB011,N,3,257.4114805471127,-0.1222733333313229,0.1465188847865775,9.263035509434127
synthetic,natural,LAB011,X,6,809.7007428934943,0.30576242537947773,0.886459557542725,11.616803511103317
synthetic,natural,LAB011,Xd,6,39.84574035669413,0.10673392861296045,0.15462032277167342,2.5770053795278907
synthetic,natural,LAB012,E,3,661.0007651185223,24.103058031814083,29.68728075653134,14.84363797634666
synthetic,natural,LAB012,F,3,417.37550783934347,-23.89147977711441,29.487833219798166,11.795133287919265
synthetic,natural,LAB012,G,3,415.949136186824,-23.992604023468832,29.43740308500763,11.774961234003051
synthetic,natural,LAB012,Gly,3,107.86979933955631,1.8452503301470948,2.0987337785035725,5.996382224295922
synthetic,natural,LAB012,N,3,421.8418777777777,-0.21239333333333332,0.22181287398766256,11.858075697989925
synthetic,natural,LAB012,X,7,246.15501955772913,-0.04332065646196263,0.8207726527084999,5.930008667275395
synthetic,natural,LAB012,Xd,7,69.9668706020532,0.16538114348212632,0.18969175528713175,3.1615292547855294
synthetic,synthetic,MS007,E,3,241.7581848030064,17.464864241527625,17.953947933644248,8.976973966822124
synthetic,synthetic,MS007,F,8,70.15993761881958,-5.813340578050149,7.597296628955618,2.9614172624526334
synthetic,synthetic,MS007,G,8,501.50976123261466,-16.513621382964924,20.461105295098886,7.9176208645070165
synthetic,synthetic,MS007,Gly,8,55.77117545507867,0.8403900866846423,0.9241191071262903,2.640340306075115
synthetic,synthetic,MS007,N,8,899.8021186491018,-0.18884981507001633,0.20719865504829074,10.605435626655687
synthetic,synthetic,MS007,X,8,223.14134912295327,0.18001091531868973,0.32841034645025446,5.281351024157471
synthetic,synthetic,MS007,Xd,8,348.51883562315334,-0.5821966472774021,0.6015562121793483,6.600367751337358
synthetic,synthetic,MS008,E,3,117.80757347712179,11.495233451317445,12.563729216736503,6.266513477129096
synthetic,synthetic,MS008,F,8,75.19171503476475,2.372752800477996,7.806866843321821,3.0657730475926614
synthetic,synthetic,MS008,G,8,221.15792926929385,-8.500769615422513,14.14120626448922,5.257826657342531
synthetic,synthetic,MS008,Gly,7,27.468346013291725,0.6074597592623067,0.6933224756436251,1.9809213589817862
synthetic,synthetic,MS008,N,8,551.0079647005512,-0.12053334818427225,0.13921200690264615,8.299156317817426
synthetic,synthetic,MS008,X,8,156.8395587781341,-0.07972920970489349,0.36366568857288484,4.427747152589764
synthetic,synthetic,MS008,Xd,8,297.44298163294087,-0.467383617017441,0.5007118329044181,6.0975710495342
synthetic,synthetic,MS009,E,3,20.9353905759655,-5.469152139764319,6.00536173543695,2.6416781645995093
synthetic,synthetic,MS009,F,8,85.0795339045926,3.8980131459110616,8.190434611559345,3.261125839043025
synthetic,synthetic,MS009,G,8,211.11396888141786,7.744126061892898,12.842687236609711,5.13704643839018
synthetic,synthetic,MS009,Gly,8,60.25455401847826,-0.20690425631932796,0.9651799785112852,2.744416012981593
synthetic,synthetic,MS009,N,8,217.55601591460163,-0.05439510281726645,0.07005916525210203,5.214834799811515
synthetic,synthetic,MS009,X,8,173.55984810334104,-0.2360159362390883,0.42655315450174475,4.657787136926465
synthetic,synthetic,MS009,Xd,8,229.58284976314,-0.4981146814384652,0.554009688548885,5.357038008115352
synthetic,synthetic,MS010,E,3,9.518249701594318,2.1401686658747203,3.6891154451541737,1.7812214630784795
synthetic,synthetic,MS010,F,8,89.39906781080397,-7.27221697484942,8.708591554628066,3.3428855015316477
synthetic,synthetic,MS010,G,8,129.21806806297644,-5.941277356829858,10.653343813015068,4.018987249030787
synthetic,synthetic,MS010,Gly,8,17.124700177619165,0.27076592305059766,0.5228142505829052,1.4630746810065423
synthetic,synthetic,MS010,N,7,456.2288144671015,-0.11160824380880519,0.13515645175557983,8.07313724173395
synthetic,synthetic,MS010,X,8,282.40332711472274,-0.05656857230774481,0.6268952531281416,5.941415310289321
synthetic,synthetic,MS010,Xd,8,386.8053426246197,-0.5710455892223385,0.5866822495105485,6.953464447890523
synthetic,synthetic,MS011,E,3,2.0232436284693147,0.0733507844008301,1.7848761158964288,0.8212274610746434
synthetic,synthetic,MS011,F,8,23.165650258701994,0.2554870477791398,4.365434675250796,1.701677490694917
synthetic,synthetic,MS011,G,8,76.95975719602423,-2.5287329345288923,8.189654176062858,3.101607591153824
synthetic,synthetic,MS011,Gly,8,24.47739381162662,0.2938708482753304,0.6232278598605047,1.7491924498045741
synthetic,synthetic,MS011,N,7,473.46569080433375,-0.1078707102651398,0.12715185995122122,8.22422980157963
synthetic,synthetic,MS011,X,8,237.75980384758145,-0.2271022942787141,0.5948275539061485,5.451603019383168
synthetic,synthetic,MS011,Xd,8,135.7247908296348,-0.32695626758534324,0.3702048957679966,4.118931761234259
synthetic,synthetic,MS012,E,3,16.984021065424333,-5.353738855268318,5.478698527193482,2.379357130642948
synthetic,synthetic,MS012,F,8,18.909711020203716,0.42031640976293816,3.9465045537871415,1.537437438572856
synthetic,synthetic,MS012,G,8,140.13075978348255,5.5163930167099755,10.477116619608148,4.18525327464603
synthetic,synthetic,MS012,Gly,8,48.24155289724698,0.2256185084565577,0.8716256518031008,2.4556453555340343
synthetic,synthetic,MS012,N,7,308.2888439606228,-0.06705251321397329,0.08882042071988715,6.636359199361206
synthetic,synthetic,MS012,X,8,112.65634412831024,-0.16909171250169508,0.3775991211694097,3.7526048307860473
synthetic,synthetic,MS012,Xd,8,327.293196280949,-0.4129393667022057,0.43168320270532606,6.3962215045383335
synthetic,synthetic,MS013,E,3,11.919967753294044,0.9106668720127118,4.147619795840552,1.993319488800365
synthetic,synthetic,MS013,F,7,60.61212728853083,-2.180810419421142,7.779187004900667,2.9425966979749325
synthetic,synthetic,MS013,G,7,136.4884497308629,-3.6337785472832214,11.649074815514044,4.415693599147459
synthetic,synthetic,MS013,Gly,7,21.22158314862432,0.21126747287258757,0.6101138885666445,1.7411647640352017
synthetic,synthetic,MS013,N,7,584.5828201803376,-0.12099993830429775,0.1386634017203483,9.138480806695057
synthetic,synthetic,MS013,X,7,248.2647153439953,-0.22399250126844827,0.654957567564649,5.955366311679328
synthetic,synthetic,MS013,Xd,7,345.72649681284275,-0.5484611475227826,0.559883882058862,7.027766326841824
synthetic,synthetic,MS014,E,3,19.469075343543697,3.686177986421548,5.137312128453001,2.5474873466184738
synthetic,synthetic,MS014,F,7,11.991787802156514,-1.4894537332307405,3.565540008414738,1.3088592526185603
synthetic,synthetic,MS014,G,7,193.83045781131676,-8.190570423913227,14.099172971901316,5.2621350611340905
synthetic,synthetic,MS014,Gly,7,25.408686056495956,0.050311400070098475,0.6688509746468216,1.905206627582724
synthetic,synthetic,MS014,N,7,680.2914591258484,-0.1365714024805742,0.15081298710192795,9.858219624295023
synthetic,synthetic,MS014,X,7,232.8731343444718,-0.1058611331424091,0.47970546362306526,5.767806395904671
synthetic,synthetic,MS014,Xd,7,323.55552032161427,-0.5309255963113367,0.5497996043301879,6.798692314614778
synthetic,synthetic,MS015,E,3,174.85038683006903,14.12186660384309,15.352707410758892,7.6343606331303
synthetic,synthetic,MS015,F,7,74.54416269298262,-8.015903508931526,8.442971952415665,3.263306007563115
synthetic,synthetic,MS015,G,7,427.3171230031965,-17.693552263178567,20.406265970734083,7.813149383326222
synthetic,synthetic,MS015,Gly,7,41.47537444737314,0.7129453127617528,0.851983566858656,2.4341432769009055
synthetic,synthetic,MS015,N,7,886.1631275576526,-0.18324430897867353,0.19265612866494208,11.251432464723596
synthetic,synthetic,MS015,X,7,337.8109917032903,0.18348367092467457,0.43417474231929315,6.94684914910854
synthetic,synthetic,MS015,Xd,7,313.2866247542302,-0.5038591233860895,0.5263933318806109,6.689935134793698
synthetic,synthetic,MS016,E,3,12.552174117659135,-5.012625609520522,5.043728470233562,2.045497015206747
synthetic,synthetic,MS016,F,7,45.53603167822656,-1.5743320067487165,6.907650136825861,2.550519041803804
synthetic,synthetic,MS016,G,7,103.80437067060228,3.8524358855954617,9.97252560127234,3.8508694875425262
synthetic,synthetic,MS016,Gly,7,57.549999030769754,-0.5841256777230849,1.0039909677065266,2.86730333815017
synthetic,synthetic,MS016,N,7,670.4440363666196,-0.12485709584654674,0.14017735406401888,9.786609192204706
synthetic,synthetic,MS016,X,7,197.4503278655248,-0.0536116523703325,0.3745139182175141,5.311044124753152
synthetic,synthetic,MS016,Xd,7,252.73194418921767,-0.431978915378564,0.47751894152457997,6.0087073032061165
synthetic,synthetic,lot2_F1,E,12,285.28564916162964,-7.971698199569768,10.083992373867714,4.875838809559076
synthetic,synthetic,lot2_F1,F,14,135.7497870875867,3.855633951399138,7.784766118596246,3.1139064474384983
synthetic,synthetic,lot2_F1,G,14,976.3516655008059,17.283939875938458,20.908380447310208,8.351012194855722
synthetic,synthetic,lot2_F1,Gly,14,113.03886129868644,-0.5943550322228518,0.994530058049281,2.8415144515693744
synthetic,synthetic,lot2_F1,N,13,29.669997577857234,-0.007770915819025377,0.018241305240002365,1.5107307854111593
synthetic,synthetic,lot2_F1,X,16,193.11434318821904,-0.18252301896867903,0.36533860574356797,3.474139670373615
synthetic,synthetic,lot2_F1,Xd,16,2.6861612391389533,-0.008642268478120038,0.02458426892966851,0.4097378154944752
synthetic,synthetic,lot2_F2,E,11,108.2597090174733,-4.748974239023915,6.462524492705944,3.137163006421759
synthetic,synthetic,lot2_F2,F,14,309.79995435849486,5.764317167726643,11.79074186707556,4.704101207293899
synthetic,synthetic,lot2_F2,G,14,69.40017857887105,0.9171607409055916,5.5661676744285336,2.2264670697714135
synthetic,synthetic,lot2_F2,Gly,13,180.18797200784408,-1.019856468953195,1.3030445582723356,3.722984452206673
synthetic,synthetic,lot2_F2,N,14,121.18842732960313,-0.03343110027394317,0.0378976146551044,2.9421618306661506
synthetic,synthetic,lot2_F2,X,16,111.60536315248221,-0.11474863617355766,0.27380609992442073,2.6410859881931406
synthetic,synthetic,lot2_F2,Xd,16,18.36757727406813,0.014163106563802352,0.06428611737121265,1.0714352895202108
synthetic,synthetic,lot2_F3,E,10,1.7502625784029655,-0.26523538666656543,0.8367227924236236,0.4183613962118118
synthetic,synthetic,lot2_F3,F,13,59.107957379926304,0.3971395424581989,5.330786733859051,2.1323146935436204
synthetic,synthetic,lot2_F3,G,13,39.72286999857885,3.376357525345211,4.370072499760491,1.7480289999041965
synthetic,synthetic,lot2_F3,Gly,12,66.86389537918622,-0.5528101003147486,0.8261773005813337,2.3605065730895247
synthetic,synthetic,lot2_F3,N,13,48.327661944264705,-0.017743695481527967,0.025310511692641185,1.9280851789407882
synthetic,synthetic,lot2_F3,X,14,401.133377741601,-0.2455660537392453,0.6111299586878638,5.352792180199048
synthetic,synthetic,lot2_F3,Xd,14,11.108679435659132,0.03404040729896386,0.05344639902902244,0.8907733171503741
